ytid,status,path,duration_s,error
-kpR93atgd8,missing,,,ERROR: [youtube] -kpR93atgd8: Video unavailable
0J_2K1Gvruk,missing,,,ERROR: [youtube] 0J_2K1Gvruk: Private video
-sevczF5etI,missing,,,ERROR: [youtube] -sevczF5etI: This video is unavailable
03frQGyrgQ4,missing,,,ERROR: [youtube] 03frQGyrgQ4: Private video
1SO5RJLWKAs,missing,,,ERROR: [youtube] 1SO5RJLWKAs: This video is unavailable
0khKvVDyYV4,missing,,,ERROR: [youtube] 0khKvVDyYV4: This video is unavailable
0i8VM_EooCs,missing,,,ERROR: [youtube] 0i8VM_EooCs: Video unavailable
0VsjSa1X7iA,missing,,,ERROR: [youtube] 0VsjSa1X7iA: Private video
1YPYQP6yupA,missing,,,ERROR: [youtube] 1YPYQP6yupA: Private video
1TyOPtg0Yfk,missing,,,ERROR: [youtube] 1TyOPtg0Yfk: Video unavailable
1i1sbQOILb0,missing,,,ERROR: [youtube] 1i1sbQOILb0: This video is unavailable
25Ccp8usBtE,missing,,,ERROR: [youtube] 25Ccp8usBtE: Video unavailable
25RWrqQol7Y,missing,,,ERROR: [youtube] 25RWrqQol7Y: Private video
2G5bSYHcJSM,missing,,,ERROR: [youtube] 2G5bSYHcJSM: Video unavailable
2hgvuYGc95o,missing,,,ERROR: [youtube] 2hgvuYGc95o: Private video
32C6w8V7TX8,missing,,,ERROR: [youtube] 32C6w8V7TX8: Private video
3TO4C7SiC7I,missing,,,ERROR: [youtube] 3TO4C7SiC7I: Video unavailable
3obJKn19jTE,missing,,,ERROR: [youtube] 3obJKn19jTE: Private video
3VEMHWnewuc,missing,,,ERROR: [youtube] 3VEMHWnewuc: Video unavailable
42xehaGoJbc,missing,,,ERROR: [youtube] 42xehaGoJbc: This video is unavailable
4Psyk_xyBl0,missing,,,ERROR: [youtube] 4Psyk_xyBl0: This video is unavailable
4ymXDU-48EE,missing,,,ERROR: [youtube] 4ymXDU-48EE: Private video
5Y_mT93tkvQ,missing,,,ERROR: [youtube] 5Y_mT93tkvQ: Video unavailable
577NM64YL18,missing,,,ERROR: [youtube] 577NM64YL18: Sign in to confirm your age. Use --cookies-from-browser or --cookies for the authentication. See  https://github.com/yt-dlp/yt-dlp/wiki/FAQ#how-do-i-pass-cookies-to-yt-dl
63rqIYPHvlc,missing,,,ERROR: [youtube] 63rqIYPHvlc: Private video
73YTz8RC2Fo,missing,,,ERROR: [youtube] 73YTz8RC2Fo: Video unavailable
6_zzu2KON6c,missing,,,ERROR: [youtube] 6_zzu2KON6c: Private video
7EvLwfwRrqA,missing,,,ERROR: [youtube] 7EvLwfwRrqA: This video is unavailable
7LGLhQFiE0s,missing,,,ERROR: [youtube] 7LGLhQFiE0s: Private video
7nrOZXbpXBo,missing,,,ERROR: [youtube] 7nrOZXbpXBo: Video unavailable
8Y0FRjkX9xI,missing,,,ERROR: [youtube] 8Y0FRjkX9xI: This video is unavailable
8FZb_R2UANY,missing,,,ERROR: [youtube] 8FZb_R2UANY: Video unavailable
8ZK1ajW598M,missing,,,ERROR: [youtube] 8ZK1ajW598M: This video is unavailable
8hT2G2ew6-c,missing,,,ERROR: [youtube] 8hT2G2ew6-c: This video is unavailable
8olHAhUKkuk,missing,,,ERROR: [youtube] 8olHAhUKkuk: This video is unavailable
9ZeoYezrI7Q,missing,,,ERROR: [youtube] 9ZeoYezrI7Q: Private video
A2bI-MIIJfU,missing,,,ERROR: [youtube] A2bI-MIIJfU: Private video
AFWy1qyyMHE,missing,,,ERROR: [youtube] AFWy1qyyMHE: Video unavailable
AaUZb-iRStE,missing,,,ERROR: [youtube] AaUZb-iRStE: This video is unavailable
Ah_aYOGnQ_I,missing,,,ERROR: [youtube] Ah_aYOGnQ_I: This video has been removed for violating YouTube's Terms of Service
AtJ2RXQ98kY,missing,,,ERROR: [youtube] AtJ2RXQ98kY: This video is unavailable
B7iRvj8y9aU,missing,,,ERROR: [youtube] B7iRvj8y9aU: Video unavailable
BKQYrrJVg6g,missing,,,ERROR: [youtube] BKQYrrJVg6g: This video is unavailable
Bd0PbyrG6H4,missing,,,ERROR: [youtube] Bd0PbyrG6H4: Video unavailable
BeFzozm_H5M,missing,,,ERROR: [youtube] BeFzozm_H5M: Private video
BiQik0xsWxk,missing,,,ERROR: [youtube] BiQik0xsWxk: Video unavailable
C6-JxDWYJ-A,missing,,,ERROR: [youtube] C6-JxDWYJ-A: Video unavailable
C7OIuhWSbjU,missing,,,ERROR: [youtube] C7OIuhWSbjU: This video is unavailable
CCFYOw8keiI,missing,,,ERROR: [youtube] CCFYOw8keiI: This video is unavailable
CaCjiFUL6Fg,missing,,,ERROR: [youtube] CaCjiFUL6Fg: Video unavailable
CyFsI_EYFQQ,missing,,,ERROR: [youtube] CyFsI_EYFQQ: Private video
Czbi1u-gwUU,missing,,,ERROR: [youtube] Czbi1u-gwUU: Video unavailable
D8-x1T8M4gk,missing,,,ERROR: [youtube] D8-x1T8M4gk: This video is unavailable
DGlP6oTqe5Y,missing,,,ERROR: [youtube] DGlP6oTqe5Y: Video unavailable
BpLUOKHl51E,ok,B:\CSE425_Project\gnn-bert-music-context\data\raw\musiccaps\audio\BpLUOKHl51E_0_10.wav,10.0,
CyiPyjYX6AE,ok,B:\CSE425_Project\gnn-bert-music-context\data\raw\musiccaps\audio\CyiPyjYX6AE_30_40.wav,10.0,
D7z2Q-hH25s,ok,B:\CSE425_Project\gnn-bert-music-context\data\raw\musiccaps\audio\D7z2Q-hH25s_30_40.wav,10.0,
DHDn79ee98Q,missing,,,ERROR: [youtube] DHDn79ee98Q: This video is unavailable
DpS_TigOHWo,missing,,,ERROR: [youtube] DpS_TigOHWo: This video is unavailable
DysXetu2I0E,missing,,,ERROR: [youtube] DysXetu2I0E: This video is unavailable
EfUUgsioXyU,missing,,,ERROR: [youtube] EfUUgsioXyU: Private video
EhFWLbNBOxc,missing,,,ERROR: [youtube] EhFWLbNBOxc: This video is unavailable
EsHXnkZ_W2c,missing,,,ERROR: [youtube] EsHXnkZ_W2c: Video unavailable
F3uf_RleI3E,missing,,,ERROR: [youtube] F3uf_RleI3E: Private video
FYwDTJtEzhk,missing,,,ERROR: [youtube] FYwDTJtEzhk: Video unavailable
FtskdD6Py7Y,missing,,,ERROR: [youtube] FtskdD6Py7Y: This video is unavailable
Fv9swdLA-lo,missing,,,ERROR: [youtube] Fv9swdLA-lo: Video unavailable
FscE_AHEmFk,missing,,,ERROR: [youtube] FscE_AHEmFk: Video unavailable
GBLKj2d0iC4,missing,,,ERROR: [youtube] GBLKj2d0iC4: Private video
GcbCOmNiVm8,missing,,,ERROR: [youtube] GcbCOmNiVm8: Private video
HAHn_zB47ig,missing,,,ERROR: [youtube] HAHn_zB47ig: Private video
HVA9-fjtv6U,missing,,,ERROR: [youtube] HVA9-fjtv6U: This video is unavailable
Hob0LAu8afQ,missing,,,ERROR: [youtube] Hob0LAu8afQ: Private video
Hvs6Xwc6-gc,missing,,,ERROR: [youtube] Hvs6Xwc6-gc: Video unavailable
IF-77lLlMzE,missing,,,ERROR: [youtube] IF-77lLlMzE: Video unavailable
IbJh1xeBFcI,missing,,,ERROR: [youtube] IbJh1xeBFcI: This video is unavailable
InfQUMh935c,missing,,,ERROR: [youtube] InfQUMh935c: This video is unavailable
JL9Xxzf9e2A,missing,,,ERROR: [youtube] JL9Xxzf9e2A: Video unavailable
JNw0A8pRnsQ,missing,,,ERROR: [youtube] JNw0A8pRnsQ: This video is unavailable
Jk2mvFrdZTU,missing,,,ERROR: [youtube] Jk2mvFrdZTU: Video unavailable
Js_3Aa214xY,missing,,,ERROR: [youtube] Js_3Aa214xY: Video unavailable
KZ8gBHLNmH0,missing,,,ERROR: [youtube] KZ8gBHLNmH0: Video unavailable
KfLxBjl-aBU,missing,,,ERROR: [youtube] KfLxBjl-aBU: This video is unavailable
KfAq7kxHjPk,missing,,,ERROR: [youtube] KfAq7kxHjPk: Please sign in. Use --cookies-from-browser or --cookies for the authentication. See  https://github.com/yt-dlp/yt-dlp/wiki/FAQ#how-do-i-pass-cookies-to-yt-dlp  for how to
KikHXfUanJk,missing,,,ERROR: [youtube] KikHXfUanJk: Video unavailable
L5Uu_0xEZg4,missing,,,ERROR: [youtube] L5Uu_0xEZg4: This video is unavailable
LCMQXFKMLIM,missing,,,ERROR: [youtube] LCMQXFKMLIM: Private video
LRfVQsnaVQE,missing,,,ERROR: [youtube] LRfVQsnaVQE: Video unavailable
JDWPJ1AiDKc,ok,B:\CSE425_Project\gnn-bert-music-context\data\raw\musiccaps\audio\JDWPJ1AiDKc_30_40.wav,10.0,
MP7KPlqoQW0,missing,,,ERROR: [youtube] MP7KPlqoQW0: Video unavailable
MROotmz8a-U,missing,,,ERROR: [youtube] MROotmz8a-U: This video is unavailable
MdsRmMxkF4k,missing,,,ERROR: [youtube] MdsRmMxkF4k: Video unavailable
MYtq46rNsCA,missing,,,ERROR: [youtube] MYtq46rNsCA: Video unavailable
Mp1MHSeHa0o,missing,,,ERROR: [youtube] Mp1MHSeHa0o: Video unavailable
KEp2NhraIZI,ok,B:\CSE425_Project\gnn-bert-music-context\data\raw\musiccaps\audio\KEp2NhraIZI_30_40.wav,10.0,
NC5tIv4-8fg,missing,,,ERROR: [youtube] NC5tIv4-8fg: Private video
NXuB3ZEpM5U,missing,,,ERROR: [youtube] NXuB3ZEpM5U: Private video
NIcsJ8sEd0M,missing,,,ERROR: [youtube] NIcsJ8sEd0M: This video is unavailable
NZYDLDIyZr8,missing,,,ERROR: [youtube] NZYDLDIyZr8: This video is unavailable
NgniX3tg_Mo,missing,,,ERROR: [youtube] NgniX3tg_Mo: This video is unavailable
OO1Q-3kXCtM,missing,,,ERROR: [youtube] OO1Q-3kXCtM: Private video
OS4YFp3DiEE,missing,,,ERROR: [youtube] OS4YFp3DiEE: Video unavailable
NsYVaRI6rXg,ok,B:\CSE425_Project\gnn-bert-music-context\data\raw\musiccaps\audio\NsYVaRI6rXg_30_40.wav,10.0,
OAl2EjbdQG8,ok,B:\CSE425_Project\gnn-bert-music-context\data\raw\musiccaps\audio\OAl2EjbdQG8_30_40.wav,10.0,
OoRUo92emGo,missing,,,ERROR: [youtube] OoRUo92emGo: Private video
PTCsH-ffeq4,missing,,,ERROR: [youtube] PTCsH-ffeq4: This video is unavailable
PmiH7RnCkhI,missing,,,ERROR: [youtube] PmiH7RnCkhI: This video is unavailable
PfO7ZVdzfZ4,missing,,,ERROR: [youtube] PfO7ZVdzfZ4: Video unavailable
QRKc90kuAaE,missing,,,ERROR: [youtube] QRKc90kuAaE: This video is unavailable
QzO6ylLrTGg,missing,,,ERROR: [youtube] QzO6ylLrTGg: Private video
RQ0-sjpAPKU,missing,,,ERROR: [youtube] RQ0-sjpAPKU: Private video
Rqv5fu1PCXA,missing,,,ERROR: [youtube] Rqv5fu1PCXA: Video unavailable
RxBFh-zdid4,missing,,,ERROR: [youtube] RxBFh-zdid4: Private video
SGFYFPs3Fic,missing,,,ERROR: [youtube] SGFYFPs3Fic: This video is unavailable
SLq-Co_szYo,missing,,,ERROR: [youtube] SLq-Co_szYo: Private video
T6iv9GFIVyU,missing,,,ERROR: [youtube] T6iv9GFIVyU: Video unavailable
T7bG4kIEw-M,missing,,,ERROR: [youtube] T7bG4kIEw-M: Private video
TFLt7mn57ZI,missing,,,ERROR: [youtube] TFLt7mn57ZI: This video is unavailable
TqIptTnXb20,missing,,,ERROR: [youtube] TqIptTnXb20: Video unavailable
TworrkXAPuI,missing,,,ERROR: [youtube] TworrkXAPuI: Private video
U3TpCc2zHrI,ok,B:\CSE425_Project\gnn-bert-music-context\data\raw\musiccaps\audio\U3TpCc2zHrI_20_30.wav,10.0,
U4MdEIQcZxs,ok,B:\CSE425_Project\gnn-bert-music-context\data\raw\musiccaps\audio\U4MdEIQcZxs_30_40.wav,10.0,
U6SYfguaJtk,ok,B:\CSE425_Project\gnn-bert-music-context\data\raw\musiccaps\audio\U6SYfguaJtk_30_40.wav,10.0,
U4UtZeTl2DE,ok,B:\CSE425_Project\gnn-bert-music-context\data\raw\musiccaps\audio\U4UtZeTl2DE_30_40.wav,10.0,
U6aLiMIlqCc,ok,B:\CSE425_Project\gnn-bert-music-context\data\raw\musiccaps\audio\U6aLiMIlqCc_60_70.wav,10.0,
U8XdDv5ERu4,ok,B:\CSE425_Project\gnn-bert-music-context\data\raw\musiccaps\audio\U8XdDv5ERu4_30_40.wav,10.0,
U8yqYlErUz8,ok,B:\CSE425_Project\gnn-bert-music-context\data\raw\musiccaps\audio\U8yqYlErUz8_200_210.wav,10.0,
UBfHLeCBBsA,ok,B:\CSE425_Project\gnn-bert-music-context\data\raw\musiccaps\audio\UBfHLeCBBsA_30_40.wav,10.0,
UCBocxMCdck,ok,B:\CSE425_Project\gnn-bert-music-context\data\raw\musiccaps\audio\UCBocxMCdck_40_50.wav,10.0,
UC_XpUcIQ_8,ok,B:\CSE425_Project\gnn-bert-music-context\data\raw\musiccaps\audio\UC_XpUcIQ_8_60_70.wav,10.0,
UDN11Q90Fa4,ok,B:\CSE425_Project\gnn-bert-music-context\data\raw\musiccaps\audio\UDN11Q90Fa4_30_40.wav,10.0,
UDS6PrY9ZIM,ok,B:\CSE425_Project\gnn-bert-music-context\data\raw\musiccaps\audio\UDS6PrY9ZIM_130_140.wav,10.0,
UDTsCTLkZzc,ok,B:\CSE425_Project\gnn-bert-music-context\data\raw\musiccaps\audio\UDTsCTLkZzc_90_100.wav,10.0,
UDg9vuBDtVU,ok,B:\CSE425_Project\gnn-bert-music-context\data\raw\musiccaps\audio\UDg9vuBDtVU_30_40.wav,10.0,
UEOUXjX5R2I,ok,B:\CSE425_Project\gnn-bert-music-context\data\raw\musiccaps\audio\UEOUXjX5R2I_60_70.wav,10.0,
UEel3wTf0Sk,ok,B:\CSE425_Project\gnn-bert-music-context\data\raw\musiccaps\audio\UEel3wTf0Sk_30_40.wav,10.0,
UFyOGqmITjM,ok,B:\CSE425_Project\gnn-bert-music-context\data\raw\musiccaps\audio\UFyOGqmITjM_0_10.wav,10.0,
UGEqY_NTMpI,ok,B:\CSE425_Project\gnn-bert-music-context\data\raw\musiccaps\audio\UGEqY_NTMpI_140_150.wav,10.0,
UHvYrO1IGCc,ok,B:\CSE425_Project\gnn-bert-music-context\data\raw\musiccaps\audio\UHvYrO1IGCc_380_390.wav,10.0,
UD0pisqyLKA,ok,B:\CSE425_Project\gnn-bert-music-context\data\raw\musiccaps\audio\UD0pisqyLKA_40_50.wav,10.0,
UIOnnpaqBy8,ok,B:\CSE425_Project\gnn-bert-music-context\data\raw\musiccaps\audio\UIOnnpaqBy8_30_40.wav,10.0,
UJA5AWbt6HM,ok,B:\CSE425_Project\gnn-bert-music-context\data\raw\musiccaps\audio\UJA5AWbt6HM_70_80.wav,10.0,
UJAk1nNdo1I,ok,B:\CSE425_Project\gnn-bert-music-context\data\raw\musiccaps\audio\UJAk1nNdo1I_30_40.wav,10.0,
ULXbXpLcoVA,missing,,,ERROR: [youtube] ULXbXpLcoVA: This video is unavailable
ULHPhjaJ6p0,ok,B:\CSE425_Project\gnn-bert-music-context\data\raw\musiccaps\audio\ULHPhjaJ6p0_30_40.wav,10.0,
UOAv5b6MGxw,missing,,,ERROR: [youtube] UOAv5b6MGxw: This video is not available
UNJswfXKJ3s,ok,B:\CSE425_Project\gnn-bert-music-context\data\raw\musiccaps\audio\UNJswfXKJ3s_30_40.wav,10.0,
UO9HtZMrbBE,ok,B:\CSE425_Project\gnn-bert-music-context\data\raw\musiccaps\audio\UO9HtZMrbBE_30_40.wav,10.0,
UOC4VWQpnDM,missing,,,ERROR: [youtube] UOC4VWQpnDM: Video unavailable
UOKWQ2EHJQI,ok,B:\CSE425_Project\gnn-bert-music-context\data\raw\musiccaps\audio\UOKWQ2EHJQI_20_30.wav,10.0,
UPPHkyd7lwE,ok,B:\CSE425_Project\gnn-bert-music-context\data\raw\musiccaps\audio\UPPHkyd7lwE_230_240.wav,10.0,
UQKLBsZJsww,ok,B:\CSE425_Project\gnn-bert-music-context\data\raw\musiccaps\audio\UQKLBsZJsww_30_40.wav,10.0,
UR3k09hOxI4,ok,B:\CSE425_Project\gnn-bert-music-context\data\raw\musiccaps\audio\UR3k09hOxI4_30_40.wav,10.0,
URM1QgX5Ar4,ok,B:\CSE425_Project\gnn-bert-music-context\data\raw\musiccaps\audio\URM1QgX5Ar4_150_160.wav,10.0,
UUJ1DNycpiQ,ok,B:\CSE425_Project\gnn-bert-music-context\data\raw\musiccaps\audio\UUJ1DNycpiQ_30_40.wav,10.0,
US3ZL2zhXgI,ok,B:\CSE425_Project\gnn-bert-music-context\data\raw\musiccaps\audio\US3ZL2zhXgI_180_190.wav,10.0,
UVMBRVJTvzg,ok,B:\CSE425_Project\gnn-bert-music-context\data\raw\musiccaps\audio\UVMBRVJTvzg_30_40.wav,10.0,
UVY68vFiApA,missing,,,ERROR: [youtube] UVY68vFiApA: This video is not available
UWl99yJsb8M,ok,B:\CSE425_Project\gnn-bert-music-context\data\raw\musiccaps\audio\UWl99yJsb8M_30_40.wav,10.0,
UXDzDV_f1jw,ok,B:\CSE425_Project\gnn-bert-music-context\data\raw\musiccaps\audio\UXDzDV_f1jw_120_130.wav,10.0,
UY2_Q830lqo,ok,B:\CSE425_Project\gnn-bert-music-context\data\raw\musiccaps\audio\UY2_Q830lqo_30_40.wav,10.0,
Ubj0jlheyvk,ok,B:\CSE425_Project\gnn-bert-music-context\data\raw\musiccaps\audio\Ubj0jlheyvk_30_40.wav,10.0,
UcNVLU-cRNg,ok,B:\CSE425_Project\gnn-bert-music-context\data\raw\musiccaps\audio\UcNVLU-cRNg_340_350.wav,10.0,
UcS5U1mpbAE,ok,B:\CSE425_Project\gnn-bert-music-context\data\raw\musiccaps\audio\UcS5U1mpbAE_30_40.wav,10.0,
Uc_1PzGr5xw,ok,B:\CSE425_Project\gnn-bert-music-context\data\raw\musiccaps\audio\Uc_1PzGr5xw_10_20.wav,10.0,
UcabTrKowlI,ok,B:\CSE425_Project\gnn-bert-music-context\data\raw\musiccaps\audio\UcabTrKowlI_30_40.wav,10.0,
UdA6I_tXVHE,missing,,,ERROR: [youtube] UdA6I_tXVHE: Video unavailable
UeYmnV-B8so,ok,B:\CSE425_Project\gnn-bert-music-context\data\raw\musiccaps\audio\UeYmnV-B8so_20_30.wav,10.0,
UfZP677y3Dc,ok,B:\CSE425_Project\gnn-bert-music-context\data\raw\musiccaps\audio\UfZP677y3Dc_30_40.wav,10.0,
UfEGX0rNOvA,ok,B:\CSE425_Project\gnn-bert-music-context\data\raw\musiccaps\audio\UfEGX0rNOvA_70_80.wav,10.0,
UhcoWyEQwBI,ok,B:\CSE425_Project\gnn-bert-music-context\data\raw\musiccaps\audio\UhcoWyEQwBI_160_170.wav,10.0,
UhwJrftWAFg,ok,B:\CSE425_Project\gnn-bert-music-context\data\raw\musiccaps\audio\UhwJrftWAFg_30_40.wav,10.0,
UinQGYfmZhE,missing,,,ERROR: [youtube] UinQGYfmZhE: This video is unavailable
UiiYMspxfhU,ok,B:\CSE425_Project\gnn-bert-music-context\data\raw\musiccaps\audio\UiiYMspxfhU_30_40.wav,10.0,
UjDh1OlOwuE,ok,B:\CSE425_Project\gnn-bert-music-context\data\raw\musiccaps\audio\UjDh1OlOwuE_60_70.wav,10.0,
UkTWmyy7ia8,ok,B:\CSE425_Project\gnn-bert-music-context\data\raw\musiccaps\audio\UkTWmyy7ia8_30_40.wav,10.0,
UkZ76EFfLSg,ok,B:\CSE425_Project\gnn-bert-music-context\data\raw\musiccaps\audio\UkZ76EFfLSg_30_40.wav,10.0,
UkqayNnk00w,ok,B:\CSE425_Project\gnn-bert-music-context\data\raw\musiccaps\audio\UkqayNnk00w_50_60.wav,10.0,
UnFEqUWTefM,ok,B:\CSE425_Project\gnn-bert-music-context\data\raw\musiccaps\audio\UnFEqUWTefM_60_70.wav,10.0,
Uo-Okq1D8Xo,ok,B:\CSE425_Project\gnn-bert-music-context\data\raw\musiccaps\audio\Uo-Okq1D8Xo_30_40.wav,10.0,
UoGXR3V5Mro,ok,B:\CSE425_Project\gnn-bert-music-context\data\raw\musiccaps\audio\UoGXR3V5Mro_30_40.wav,10.0,
UoSID1KzWuI,ok,B:\CSE425_Project\gnn-bert-music-context\data\raw\musiccaps\audio\UoSID1KzWuI_30_40.wav,10.0,
UoxHwOl2gN0,ok,B:\CSE425_Project\gnn-bert-music-context\data\raw\musiccaps\audio\UoxHwOl2gN0_10_20.wav,10.0,
Ur8O3h8S0K4,ok,B:\CSE425_Project\gnn-bert-music-context\data\raw\musiccaps\audio\Ur8O3h8S0K4_70_80.wav,10.0,
UrgzGbGVV8I,ok,B:\CSE425_Project\gnn-bert-music-context\data\raw\musiccaps\audio\UrgzGbGVV8I_30_40.wav,10.0,
UsHtZ7Bzi0s,ok,B:\CSE425_Project\gnn-bert-music-context\data\raw\musiccaps\audio\UsHtZ7Bzi0s_150_160.wav,10.0,
UsdoUjuczY4,ok,B:\CSE425_Project\gnn-bert-music-context\data\raw\musiccaps\audio\UsdoUjuczY4_30_40.wav,10.0,
UtCRBs5p4EQ,ok,B:\CSE425_Project\gnn-bert-music-context\data\raw\musiccaps\audio\UtCRBs5p4EQ_30_40.wav,10.0,
UtZofZjccBs,ok,B:\CSE425_Project\gnn-bert-music-context\data\raw\musiccaps\audio\UtZofZjccBs_290_300.wav,10.0,
Uu8m1oOWkiE,ok,B:\CSE425_Project\gnn-bert-music-context\data\raw\musiccaps\audio\Uu8m1oOWkiE_120_130.wav,10.0,
Utl5it7YMUs,ok,B:\CSE425_Project\gnn-bert-music-context\data\raw\musiccaps\audio\Utl5it7YMUs_330_340.wav,10.0,
UvCY9FHpKC8,ok,B:\CSE425_Project\gnn-bert-music-context\data\raw\musiccaps\audio\UvCY9FHpKC8_30_40.wav,10.0,
UwxatzcYf9Q,ok,B:\CSE425_Project\gnn-bert-music-context\data\raw\musiccaps\audio\UwxatzcYf9Q_30_40.wav,10.0,
Ux1vBolJf5Q,ok,B:\CSE425_Project\gnn-bert-music-context\data\raw\musiccaps\audio\Ux1vBolJf5Q_50_60.wav,10.0,
Uvn7waPvseo,ok,B:\CSE425_Project\gnn-bert-music-context\data\raw\musiccaps\audio\Uvn7waPvseo_30_40.wav,10.0,
Ux3YosKD-9I,ok,B:\CSE425_Project\gnn-bert-music-context\data\raw\musiccaps\audio\Ux3YosKD-9I_30_40.wav,10.0,
Uxyu3XwXEV8,missing,,,ERROR: [youtube] Uxyu3XwXEV8: Private video
UxT3KG4AHAI,ok,B:\CSE425_Project\gnn-bert-music-context\data\raw\musiccaps\audio\UxT3KG4AHAI_0_10.wav,10.0,
UxlrI-9RtWg,ok,B:\CSE425_Project\gnn-bert-music-context\data\raw\musiccaps\audio\UxlrI-9RtWg_210_220.wav,10.0,
UxrAsZ7Z09Y,ok,B:\CSE425_Project\gnn-bert-music-context\data\raw\musiccaps\audio\UxrAsZ7Z09Y_520_530.wav,10.0,
UzAXqTsdtjY,missing,,,ERROR: [youtube] UzAXqTsdtjY: This video is unavailable
V0zQHNmz0gU,ok,B:\CSE425_Project\gnn-bert-music-context\data\raw\musiccaps\audio\V0zQHNmz0gU_30_40.wav,10.0,
UzT20Rf8RPA,ok,B:\CSE425_Project\gnn-bert-music-context\data\raw\musiccaps\audio\UzT20Rf8RPA_30_40.wav,10.0,
V1A4wBgvPgI,ok,B:\CSE425_Project\gnn-bert-music-context\data\raw\musiccaps\audio\V1A4wBgvPgI_250_260.wav,10.0,
V3Jb0Q_e_pQ,missing,,,ERROR: [youtube] V3Jb0Q_e_pQ: This video is not available
V1M3HiUz0ZQ,ok,B:\CSE425_Project\gnn-bert-music-context\data\raw\musiccaps\audio\V1M3HiUz0ZQ_70_80.wav,10.0,
V3Vvp5HS90k,ok,B:\CSE425_Project\gnn-bert-music-context\data\raw\musiccaps\audio\V3Vvp5HS90k_20_30.wav,10.0,
V4YUpQKeKD4,missing,,,ERROR: [youtube] V4YUpQKeKD4: Video unavailable
V5xL8hLFY58,ok,B:\CSE425_Project\gnn-bert-music-context\data\raw\musiccaps\audio\V5xL8hLFY58_30_40.wav,10.0,
V5HMIxuAtv8,ok,B:\CSE425_Project\gnn-bert-music-context\data\raw\musiccaps\audio\V5HMIxuAtv8_30_40.wav,10.0,
V7RPmwxyhBA,ok,B:\CSE425_Project\gnn-bert-music-context\data\raw\musiccaps\audio\V7RPmwxyhBA_60_70.wav,10.0,
UzDVZzIIcy8,ok,B:\CSE425_Project\gnn-bert-music-context\data\raw\musiccaps\audio\UzDVZzIIcy8_370_380.wav,10.0,
V9jIsOTC1lY,ok,B:\CSE425_Project\gnn-bert-music-context\data\raw\musiccaps\audio\V9jIsOTC1lY_30_40.wav,10.0,
V9EFYFKlYbE,ok,B:\CSE425_Project\gnn-bert-music-context\data\raw\musiccaps\audio\V9EFYFKlYbE_30_40.wav,10.0,
VAqgpoyD2jc,ok,B:\CSE425_Project\gnn-bert-music-context\data\raw\musiccaps\audio\VAqgpoyD2jc_30_40.wav,10.0,
VAqPLAgn9NI,ok,B:\CSE425_Project\gnn-bert-music-context\data\raw\musiccaps\audio\VAqPLAgn9NI_30_40.wav,10.0,
VB82vMSTYK0,ok,B:\CSE425_Project\gnn-bert-music-context\data\raw\musiccaps\audio\VB82vMSTYK0_30_40.wav,10.0,
VCIN1OJkNbg,ok,B:\CSE425_Project\gnn-bert-music-context\data\raw\musiccaps\audio\VCIN1OJkNbg_30_40.wav,10.0,
VCozi4GDpxQ,ok,B:\CSE425_Project\gnn-bert-music-context\data\raw\musiccaps\audio\VCozi4GDpxQ_20_30.wav,10.0,
VCrnnx9jTqs,ok,B:\CSE425_Project\gnn-bert-music-context\data\raw\musiccaps\audio\VCrnnx9jTqs_50_60.wav,10.0,
VCusyLPrFCo,ok,B:\CSE425_Project\gnn-bert-music-context\data\raw\musiccaps\audio\VCusyLPrFCo_30_40.wav,10.0,
VDYqYuPzW8E,ok,B:\CSE425_Project\gnn-bert-music-context\data\raw\musiccaps\audio\VDYqYuPzW8E_30_40.wav,10.0,
VG6-MlmCgzI,ok,B:\CSE425_Project\gnn-bert-music-context\data\raw\musiccaps\audio\VG6-MlmCgzI_30_40.wav,10.0,
VHYxygh1STA,ok,B:\CSE425_Project\gnn-bert-music-context\data\raw\musiccaps\audio\VHYxygh1STA_30_40.wav,10.0,
VJ-dpTx_3Cg,ok,B:\CSE425_Project\gnn-bert-music-context\data\raw\musiccaps\audio\VJ-dpTx_3Cg_30_40.wav,10.0,
VHyXvbg6y9M,ok,B:\CSE425_Project\gnn-bert-music-context\data\raw\musiccaps\audio\VHyXvbg6y9M_30_40.wav,10.0,
VJ1RqPqF9O4,ok,B:\CSE425_Project\gnn-bert-music-context\data\raw\musiccaps\audio\VJ1RqPqF9O4_200_210.wav,10.0,
VL6uF-XeE_A,ok,B:\CSE425_Project\gnn-bert-music-context\data\raw\musiccaps\audio\VL6uF-XeE_A_30_40.wav,10.0,
VLjcIlZvkY0,ok,B:\CSE425_Project\gnn-bert-music-context\data\raw\musiccaps\audio\VLjcIlZvkY0_30_40.wav,10.0,
VMWW9OX1EJM,ok,B:\CSE425_Project\gnn-bert-music-context\data\raw\musiccaps\audio\VMWW9OX1EJM_0_10.wav,10.0,
VM-U7MyZAck,ok,B:\CSE425_Project\gnn-bert-music-context\data\raw\musiccaps\audio\VM-U7MyZAck_30_40.wav,10.0,
VNjYW4OXqTs,ok,B:\CSE425_Project\gnn-bert-music-context\data\raw\musiccaps\audio\VNjYW4OXqTs_30_40.wav,10.0,
VOWGbyg4KZY,missing,,,ERROR: [youtube] VOWGbyg4KZY: This video is unavailable
VNzEAjztgxg,ok,B:\CSE425_Project\gnn-bert-music-context\data\raw\musiccaps\audio\VNzEAjztgxg_30_40.wav,10.0,
VP1cB_AVu6c,ok,B:\CSE425_Project\gnn-bert-music-context\data\raw\musiccaps\audio\VP1cB_AVu6c_200_210.wav,10.0,
VRxFYwbik6A,ok,B:\CSE425_Project\gnn-bert-music-context\data\raw\musiccaps\audio\VRxFYwbik6A_120_130.wav,10.0,
VSAbMy1Rlio,ok,B:\CSE425_Project\gnn-bert-music-context\data\raw\musiccaps\audio\VSAbMy1Rlio_30_40.wav,10.0,
VSf3_XpiPkQ,ok,B:\CSE425_Project\gnn-bert-music-context\data\raw\musiccaps\audio\VSf3_XpiPkQ_210_220.wav,10.0,
VRfi64fecj4,ok,B:\CSE425_Project\gnn-bert-music-context\data\raw\musiccaps\audio\VRfi64fecj4_210_220.wav,10.0,
VMzn9GytUTk,ok,B:\CSE425_Project\gnn-bert-music-context\data\raw\musiccaps\audio\VMzn9GytUTk_30_40.wav,10.0,
VTagIq90b7s,ok,B:\CSE425_Project\gnn-bert-music-context\data\raw\musiccaps\audio\VTagIq90b7s_30_40.wav,10.0,
VTOf24hbq0A,ok,B:\CSE425_Project\gnn-bert-music-context\data\raw\musiccaps\audio\VTOf24hbq0A_30_40.wav,10.0,
VV-DgnPPhSo,ok,B:\CSE425_Project\gnn-bert-music-context\data\raw\musiccaps\audio\VV-DgnPPhSo_220_230.wav,10.0,
VV85n-ebuUU,ok,B:\CSE425_Project\gnn-bert-music-context\data\raw\musiccaps\audio\VV85n-ebuUU_110_120.wav,10.0,
VZfrDZhI7BU,ok,B:\CSE425_Project\gnn-bert-music-context\data\raw\musiccaps\audio\VZfrDZhI7BU_30_40.wav,10.0,
Vbcy6KBJsAA,ok,B:\CSE425_Project\gnn-bert-music-context\data\raw\musiccaps\audio\Vbcy6KBJsAA_20_30.wav,10.0,
VZjE27e9X7o,ok,B:\CSE425_Project\gnn-bert-music-context\data\raw\musiccaps\audio\VZjE27e9X7o_10_20.wav,10.0,
Vbx6TFxSPYY,ok,B:\CSE425_Project\gnn-bert-music-context\data\raw\musiccaps\audio\Vbx6TFxSPYY_70_80.wav,10.0,
Vci2eZYzA-c,ok,B:\CSE425_Project\gnn-bert-music-context\data\raw\musiccaps\audio\Vci2eZYzA-c_30_40.wav,10.0,
VdYakZ4Yciw,ok,B:\CSE425_Project\gnn-bert-music-context\data\raw\musiccaps\audio\VdYakZ4Yciw_30_40.wav,10.0,
Ve6Zy1BXBbY,ok,B:\CSE425_Project\gnn-bert-music-context\data\raw\musiccaps\audio\Ve6Zy1BXBbY_30_40.wav,10.0,
VeXcCHo5iMI,ok,B:\CSE425_Project\gnn-bert-music-context\data\raw\musiccaps\audio\VeXcCHo5iMI_30_40.wav,10.0,
VeAomElRCJc,ok,B:\CSE425_Project\gnn-bert-music-context\data\raw\musiccaps\audio\VeAomElRCJc_30_40.wav,10.0,
VfARCp38XtA,ok,B:\CSE425_Project\gnn-bert-music-context\data\raw\musiccaps\audio\VfARCp38XtA_70_80.wav,10.0,
VfEJHqtsuIo,ok,B:\CSE425_Project\gnn-bert-music-context\data\raw\musiccaps\audio\VfEJHqtsuIo_110_120.wav,10.0,
VZJfkEet6EQ,ok,B:\CSE425_Project\gnn-bert-music-context\data\raw\musiccaps\audio\VZJfkEet6EQ_30_40.wav,10.0,
Vfcfj4OIJXE,ok,B:\CSE425_Project\gnn-bert-music-context\data\raw\musiccaps\audio\Vfcfj4OIJXE_30_40.wav,10.0,
Vi2posMLsrg,missing,,,ERROR: [youtube] Vi2posMLsrg: This video is unavailable
VgwsGjRk61M,ok,B:\CSE425_Project\gnn-bert-music-context\data\raw\musiccaps\audio\VgwsGjRk61M_20_30.wav,10.0,
ViF7A7XODiw,ok,B:\CSE425_Project\gnn-bert-music-context\data\raw\musiccaps\audio\ViF7A7XODiw_30_40.wav,10.0,
VjXt63pqUgw,ok,B:\CSE425_Project\gnn-bert-music-context\data\raw\musiccaps\audio\VjXt63pqUgw_20_30.wav,10.0,
VjbRot21Hq0,ok,B:\CSE425_Project\gnn-bert-music-context\data\raw\musiccaps\audio\VjbRot21Hq0_30_40.wav,10.0,
VkVKGyWi2r4,ok,B:\CSE425_Project\gnn-bert-music-context\data\raw\musiccaps\audio\VkVKGyWi2r4_30_40.wav,10.0,
VkXLtUx-RmI,ok,B:\CSE425_Project\gnn-bert-music-context\data\raw\musiccaps\audio\VkXLtUx-RmI_300_310.wav,10.0,
VlgOLOoctm0,ok,B:\CSE425_Project\gnn-bert-music-context\data\raw\musiccaps\audio\VlgOLOoctm0_30_40.wav,10.0,
VlXi2TxMXbc,ok,B:\CSE425_Project\gnn-bert-music-context\data\raw\musiccaps\audio\VlXi2TxMXbc_130_140.wav,10.0,
VlwbDjggUKk,ok,B:\CSE425_Project\gnn-bert-music-context\data\raw\musiccaps\audio\VlwbDjggUKk_30_40.wav,10.0,
VnJeG9RGUVM,ok,B:\CSE425_Project\gnn-bert-music-context\data\raw\musiccaps\audio\VnJeG9RGUVM_30_40.wav,10.0,
VpIhbDN58mA,ok,B:\CSE425_Project\gnn-bert-music-context\data\raw\musiccaps\audio\VpIhbDN58mA_30_40.wav,10.0,
Vr7wbGcvFts,missing,,,ERROR: [youtube] Vr7wbGcvFts: This video is not available
Vo6eT8eMMfQ,ok,B:\CSE425_Project\gnn-bert-music-context\data\raw\musiccaps\audio\Vo6eT8eMMfQ_30_40.wav,10.0,
VpikuLP_9qQ,ok,B:\CSE425_Project\gnn-bert-music-context\data\raw\musiccaps\audio\VpikuLP_9qQ_70_80.wav,10.0,
VsMy72BoIbU,ok,B:\CSE425_Project\gnn-bert-music-context\data\raw\musiccaps\audio\VsMy72BoIbU_40_50.wav,10.0,
Vt3HzkNtOP4,ok,B:\CSE425_Project\gnn-bert-music-context\data\raw\musiccaps\audio\Vt3HzkNtOP4_30_40.wav,10.0,
VswY2mI7Wbo,ok,B:\CSE425_Project\gnn-bert-music-context\data\raw\musiccaps\audio\VswY2mI7Wbo_360_370.wav,10.0,
VrqBeY3kfKI,ok,B:\CSE425_Project\gnn-bert-music-context\data\raw\musiccaps\audio\VrqBeY3kfKI_120_130.wav,10.0,
Vu7ZUUl4VPc,missing,,,ERROR: [youtube] Vu7ZUUl4VPc: Private video
VuWr1HXHoZg,ok,B:\CSE425_Project\gnn-bert-music-context\data\raw\musiccaps\audio\VuWr1HXHoZg_30_40.wav,10.0,
VtHkxrta5xQ,ok,B:\CSE425_Project\gnn-bert-music-context\data\raw\musiccaps\audio\VtHkxrta5xQ_30_40.wav,10.0,
Vwekk3EOa-U,ok,B:\CSE425_Project\gnn-bert-music-context\data\raw\musiccaps\audio\Vwekk3EOa-U_40_50.wav,10.0,
VwkRHbqpHqk,ok,B:\CSE425_Project\gnn-bert-music-context\data\raw\musiccaps\audio\VwkRHbqpHqk_30_40.wav,10.0,
Vx4aO4-nr0c,ok,B:\CSE425_Project\gnn-bert-music-context\data\raw\musiccaps\audio\Vx4aO4-nr0c_30_40.wav,10.0,
Vx_vqfpRdUU,ok,B:\CSE425_Project\gnn-bert-music-context\data\raw\musiccaps\audio\Vx_vqfpRdUU_100_110.wav,10.0,
Vy00ycBpqpc,ok,B:\CSE425_Project\gnn-bert-music-context\data\raw\musiccaps\audio\Vy00ycBpqpc_0_10.wav,10.0,
VzHL56yq8bI,missing,,,ERROR: [youtube] VzHL56yq8bI: Private video
VzFpg271sm8,ok,B:\CSE425_Project\gnn-bert-music-context\data\raw\musiccaps\audio\VzFpg271sm8_500_510.wav,10.0,
VzGHr0aV220,ok,B:\CSE425_Project\gnn-bert-music-context\data\raw\musiccaps\audio\VzGHr0aV220_140_150.wav,10.0,
VzYc-c-uHjI,ok,B:\CSE425_Project\gnn-bert-music-context\data\raw\musiccaps\audio\VzYc-c-uHjI_30_40.wav,10.0,
W0aT3SdtnfY,missing,,,ERROR: [youtube] W0aT3SdtnfY: Private video
W00eTCOgUNs,ok,B:\CSE425_Project\gnn-bert-music-context\data\raw\musiccaps\audio\W00eTCOgUNs_60_70.wav,10.0,
W-nkxlYTdV4,ok,B:\CSE425_Project\gnn-bert-music-context\data\raw\musiccaps\audio\W-nkxlYTdV4_210_220.wav,10.0,
W2EJai-3k2w,ok,B:\CSE425_Project\gnn-bert-music-context\data\raw\musiccaps\audio\W2EJai-3k2w_130_140.wav,10.0,
W3DwueAy65k,ok,B:\CSE425_Project\gnn-bert-music-context\data\raw\musiccaps\audio\W3DwueAy65k_130_140.wav,10.0,
W2nlA65AwtU,ok,B:\CSE425_Project\gnn-bert-music-context\data\raw\musiccaps\audio\W2nlA65AwtU_390_400.wav,10.0,
W4nQpOHIPEw,missing,,,ERROR: [youtube] W4nQpOHIPEw: Private video
W3lKc2hj4XU,ok,B:\CSE425_Project\gnn-bert-music-context\data\raw\musiccaps\audio\W3lKc2hj4XU_30_40.wav,10.0,
W4eLgBYEEqA,ok,B:\CSE425_Project\gnn-bert-music-context\data\raw\musiccaps\audio\W4eLgBYEEqA_440_450.wav,10.0,
W58kioYp1Ms,ok,B:\CSE425_Project\gnn-bert-music-context\data\raw\musiccaps\audio\W58kioYp1Ms_30_40.wav,10.0,
W5BB6pubJZI,ok,B:\CSE425_Project\gnn-bert-music-context\data\raw\musiccaps\audio\W5BB6pubJZI_540_550.wav,10.0,
W5eOW25vvbw,ok,B:\CSE425_Project\gnn-bert-music-context\data\raw\musiccaps\audio\W5eOW25vvbw_30_40.wav,10.0,
W5t-T1vP2DU,ok,B:\CSE425_Project\gnn-bert-music-context\data\raw\musiccaps\audio\W5t-T1vP2DU_30_40.wav,10.0,
W2KaBnoGxek,ok,B:\CSE425_Project\gnn-bert-music-context\data\raw\musiccaps\audio\W2KaBnoGxek_30_40.wav,10.0,
W7U-glgu4GM,ok,B:\CSE425_Project\gnn-bert-music-context\data\raw\musiccaps\audio\W7U-glgu4GM_10_20.wav,10.0,
W7i4LkdSfjw,ok,B:\CSE425_Project\gnn-bert-music-context\data\raw\musiccaps\audio\W7i4LkdSfjw_520_530.wav,10.0,
W85w938G5ZM,ok,B:\CSE425_Project\gnn-bert-music-context\data\raw\musiccaps\audio\W85w938G5ZM_30_40.wav,10.0,
W8Xv3Q2kGRA,ok,B:\CSE425_Project\gnn-bert-music-context\data\raw\musiccaps\audio\W8Xv3Q2kGRA_30_40.wav,10.0,
WAxDN-FyPn8,ok,B:\CSE425_Project\gnn-bert-music-context\data\raw\musiccaps\audio\WAxDN-FyPn8_80_90.wav,10.0,
WBBKiXYVEdM,ok,B:\CSE425_Project\gnn-bert-music-context\data\raw\musiccaps\audio\WBBKiXYVEdM_170_180.wav,10.0,
WCiS9IDILQg,ok,B:\CSE425_Project\gnn-bert-music-context\data\raw\musiccaps\audio\WCiS9IDILQg_60_70.wav,10.0,
WCifI6rwOoM,ok,B:\CSE425_Project\gnn-bert-music-context\data\raw\musiccaps\audio\WCifI6rwOoM_30_40.wav,10.0,
W7KbboEOmeM,ok,B:\CSE425_Project\gnn-bert-music-context\data\raw\musiccaps\audio\W7KbboEOmeM_30_40.wav,10.0,
WE0JqjuhaQI,ok,B:\CSE425_Project\gnn-bert-music-context\data\raw\musiccaps\audio\WE0JqjuhaQI_30_40.wav,10.0,
WCl93HBuj60,ok,B:\CSE425_Project\gnn-bert-music-context\data\raw\musiccaps\audio\WCl93HBuj60_490_500.wav,10.0,
WEXJSNm_T0o,ok,B:\CSE425_Project\gnn-bert-music-context\data\raw\musiccaps\audio\WEXJSNm_T0o_180_190.wav,10.0,
WEVBqGarEIY,ok,B:\CSE425_Project\gnn-bert-music-context\data\raw\musiccaps\audio\WEVBqGarEIY_30_40.wav,10.0,
WFPGA_BYkKU,ok,B:\CSE425_Project\gnn-bert-music-context\data\raw\musiccaps\audio\WFPGA_BYkKU_30_40.wav,10.0,
WIVu5PapmX4,missing,,,ERROR: [youtube] WIVu5PapmX4: Private video
WJIrkvEq4EI,missing,,,ERROR: [youtube] WJIrkvEq4EI: This video has been removed for violating YouTube's policy on violent or graphic content
WIuLaxWIAAI,ok,B:\CSE425_Project\gnn-bert-music-context\data\raw\musiccaps\audio\WIuLaxWIAAI_230_240.wav,10.0,
WI2d5vDJeLo,ok,B:\CSE425_Project\gnn-bert-music-context\data\raw\musiccaps\audio\WI2d5vDJeLo_270_280.wav,10.0,
WJORWlj6BW8,ok,B:\CSE425_Project\gnn-bert-music-context\data\raw\musiccaps\audio\WJORWlj6BW8_30_40.wav,10.0,
WK-gdfCurCg,ok,B:\CSE425_Project\gnn-bert-music-context\data\raw\musiccaps\audio\WK-gdfCurCg_10_20.wav,10.0,
WKYUiLace9Y,missing,,,ERROR: [youtube] WKYUiLace9Y: Private video
WNmAlKrAPjQ,ok,B:\CSE425_Project\gnn-bert-music-context\data\raw\musiccaps\audio\WNmAlKrAPjQ_240_250.wav,10.0,
WKL40jfQD3g,ok,B:\CSE425_Project\gnn-bert-music-context\data\raw\musiccaps\audio\WKL40jfQD3g_120_130.wav,10.0,
WNv-YNn1cZ8,ok,B:\CSE425_Project\gnn-bert-music-context\data\raw\musiccaps\audio\WNv-YNn1cZ8_10_20.wav,10.0,
WPguqXCBQCI,ok,B:\CSE425_Project\gnn-bert-music-context\data\raw\musiccaps\audio\WPguqXCBQCI_328_338.wav,10.0,
WO_Y7djT2k4,ok,B:\CSE425_Project\gnn-bert-music-context\data\raw\musiccaps\audio\WO_Y7djT2k4_100_110.wav,10.0,
WSMdqFEjGXE,ok,B:\CSE425_Project\gnn-bert-music-context\data\raw\musiccaps\audio\WSMdqFEjGXE_120_130.wav,10.0,
WRZGYDh7qRo,ok,B:\CSE425_Project\gnn-bert-music-context\data\raw\musiccaps\audio\WRZGYDh7qRo_60_70.wav,10.0,
WSaCGNkM6_k,ok,B:\CSE425_Project\gnn-bert-music-context\data\raw\musiccaps\audio\WSaCGNkM6_k_30_40.wav,10.0,
WMtztIW1f6k,ok,B:\CSE425_Project\gnn-bert-music-context\data\raw\musiccaps\audio\WMtztIW1f6k_100_110.wav,10.0,
WT2iyJmKkc8,ok,B:\CSE425_Project\gnn-bert-music-context\data\raw\musiccaps\audio\WT2iyJmKkc8_120_130.wav,10.0,
WT_wvvEvkw4,missing,,,ERROR: [youtube] WT_wvvEvkw4: This video is not available
WTVC7ZI9WtY,ok,B:\CSE425_Project\gnn-bert-music-context\data\raw\musiccaps\audio\WTVC7ZI9WtY_30_40.wav,10.0,
WQsuFvw43RA,ok,B:\CSE425_Project\gnn-bert-music-context\data\raw\musiccaps\audio\WQsuFvw43RA_30_40.wav,10.0,
WW4_c2J79QA,ok,B:\CSE425_Project\gnn-bert-music-context\data\raw\musiccaps\audio\WW4_c2J79QA_30_40.wav,10.0,
WWIT13tTW7c,ok,B:\CSE425_Project\gnn-bert-music-context\data\raw\musiccaps\audio\WWIT13tTW7c_190_200.wav,10.0,
WY73T0xaY0A,ok,B:\CSE425_Project\gnn-bert-music-context\data\raw\musiccaps\audio\WY73T0xaY0A_180_190.wav,10.0,
WYbD9YUrf_4,ok,B:\CSE425_Project\gnn-bert-music-context\data\raw\musiccaps\audio\WYbD9YUrf_4_80_90.wav,10.0,
WYxXUBP_XaM,ok,B:\CSE425_Project\gnn-bert-music-context\data\raw\musiccaps\audio\WYxXUBP_XaM_210_220.wav,10.0,
WZd2nT2Afds,ok,B:\CSE425_Project\gnn-bert-music-context\data\raw\musiccaps\audio\WZd2nT2Afds_30_40.wav,10.0,
W_979HkE4EI,ok,B:\CSE425_Project\gnn-bert-music-context\data\raw\musiccaps\audio\W_979HkE4EI_30_40.wav,10.0,
W_MZo88gzrA,missing,,,ERROR: [youtube] W_MZo88gzrA: Video unavailable
W_zgEkvp4xU,ok,B:\CSE425_Project\gnn-bert-music-context\data\raw\musiccaps\audio\W_zgEkvp4xU_140_150.wav,10.0,
WaddbqEQ1NE,missing,,,ERROR: [youtube] WaddbqEQ1NE: This video is not available
WcC9sKxJ1gI,ok,B:\CSE425_Project\gnn-bert-music-context\data\raw\musiccaps\audio\WcC9sKxJ1gI_10_20.wav,10.0,
Wd4T3iTsgrI,ok,B:\CSE425_Project\gnn-bert-music-context\data\raw\musiccaps\audio\Wd4T3iTsgrI_10_20.wav,10.0,
WditOomsdRU,ok,B:\CSE425_Project\gnn-bert-music-context\data\raw\musiccaps\audio\WditOomsdRU_70_80.wav,10.0,
Wd5l_FHGWfE,ok,B:\CSE425_Project\gnn-bert-music-context\data\raw\musiccaps\audio\Wd5l_FHGWfE_170_180.wav,10.0,
Wdl7A3de0L4,ok,B:\CSE425_Project\gnn-bert-music-context\data\raw\musiccaps\audio\Wdl7A3de0L4_120_130.wav,10.0,
Wdtku1dqJo0,ok,B:\CSE425_Project\gnn-bert-music-context\data\raw\musiccaps\audio\Wdtku1dqJo0_30_40.wav,10.0,
WdxNikVdK-U,ok,B:\CSE425_Project\gnn-bert-music-context\data\raw\musiccaps\audio\WdxNikVdK-U_410_420.wav,10.0,
We0WIPYrtRE,missing,,,ERROR: [youtube] We0WIPYrtRE: This video is unavailable
We-bFXFjWaM,ok,B:\CSE425_Project\gnn-bert-music-context\data\raw\musiccaps\audio\We-bFXFjWaM_30_40.wav,10.0,
We9P_UcHNk8,ok,B:\CSE425_Project\gnn-bert-music-context\data\raw\musiccaps\audio\We9P_UcHNk8_30_40.wav,10.0,
WeDA1mDFSCo,ok,B:\CSE425_Project\gnn-bert-music-context\data\raw\musiccaps\audio\WeDA1mDFSCo_60_70.wav,10.0,
Weu8nsJRMqE,ok,B:\CSE425_Project\gnn-bert-music-context\data\raw\musiccaps\audio\Weu8nsJRMqE_30_40.wav,10.0,
WgZ8KAnnTb8,ok,B:\CSE425_Project\gnn-bert-music-context\data\raw\musiccaps\audio\WgZ8KAnnTb8_30_40.wav,10.0,
Wgf7UYPVoAo,ok,B:\CSE425_Project\gnn-bert-music-context\data\raw\musiccaps\audio\Wgf7UYPVoAo_70_80.wav,10.0,
Wh5JSj89tW8,ok,B:\CSE425_Project\gnn-bert-music-context\data\raw\musiccaps\audio\Wh5JSj89tW8_40_50.wav,10.0,
WhNun_U3cRU,ok,B:\CSE425_Project\gnn-bert-music-context\data\raw\musiccaps\audio\WhNun_U3cRU_30_40.wav,10.0,
WhX3jQxHZWc,ok,B:\CSE425_Project\gnn-bert-music-context\data\raw\musiccaps\audio\WhX3jQxHZWc_30_40.wav,10.0,
WhEd8h7J0Lk,ok,B:\CSE425_Project\gnn-bert-music-context\data\raw\musiccaps\audio\WhEd8h7J0Lk_360_370.wav,10.0,
Wh_g-Eiw9Kc,ok,B:\CSE425_Project\gnn-bert-music-context\data\raw\musiccaps\audio\Wh_g-Eiw9Kc_10_20.wav,10.0,
WiAFUo2nxIk,ok,B:\CSE425_Project\gnn-bert-music-context\data\raw\musiccaps\audio\WiAFUo2nxIk_30_40.wav,10.0,
Wil8e6kBxe8,ok,B:\CSE425_Project\gnn-bert-music-context\data\raw\musiccaps\audio\Wil8e6kBxe8_30_40.wav,10.0,
WjPHxUtF9go,ok,B:\CSE425_Project\gnn-bert-music-context\data\raw\musiccaps\audio\WjPHxUtF9go_30_40.wav,10.0,
WkkhcwXpYy4,ok,B:\CSE425_Project\gnn-bert-music-context\data\raw\musiccaps\audio\WkkhcwXpYy4_30_40.wav,10.0,
WmTDKYYH5OU,ok,B:\CSE425_Project\gnn-bert-music-context\data\raw\musiccaps\audio\WmTDKYYH5OU_180_190.wav,10.0,
WmyHFkyiiF8,ok,B:\CSE425_Project\gnn-bert-music-context\data\raw\musiccaps\audio\WmyHFkyiiF8_20_30.wav,10.0,
WmyhSRhWh3k,ok,B:\CSE425_Project\gnn-bert-music-context\data\raw\musiccaps\audio\WmyhSRhWh3k_30_40.wav,10.0,
Wnl0qbVynL4,ok,B:\CSE425_Project\gnn-bert-music-context\data\raw\musiccaps\audio\Wnl0qbVynL4_30_40.wav,10.0,
Wp5AiCmbQjA,ok,B:\CSE425_Project\gnn-bert-music-context\data\raw\musiccaps\audio\Wp5AiCmbQjA_70_80.wav,10.0,
WoWF7gGzGVY,ok,B:\CSE425_Project\gnn-bert-music-context\data\raw\musiccaps\audio\WoWF7gGzGVY_30_40.wav,10.0,
Wr5sFgqxLzQ,ok,B:\CSE425_Project\gnn-bert-music-context\data\raw\musiccaps\audio\Wr5sFgqxLzQ_30_40.wav,10.0,
WrpWb-Zumnc,ok,B:\CSE425_Project\gnn-bert-music-context\data\raw\musiccaps\audio\WrpWb-Zumnc_210_220.wav,10.0,
WsDb16qzA5Q,ok,B:\CSE425_Project\gnn-bert-music-context\data\raw\musiccaps\audio\WsDb16qzA5Q_160_170.wav,10.0,
WtN6uiDikRM,ok,B:\CSE425_Project\gnn-bert-music-context\data\raw\musiccaps\audio\WtN6uiDikRM_10_20.wav,10.0,
WqC-fx3uNVE,ok,B:\CSE425_Project\gnn-bert-music-context\data\raw\musiccaps\audio\WqC-fx3uNVE_70_80.wav,10.0,
WoXgPQQjcJU,ok,B:\CSE425_Project\gnn-bert-music-context\data\raw\musiccaps\audio\WoXgPQQjcJU_60_70.wav,10.0,
WsaOJT2SsPg,ok,B:\CSE425_Project\gnn-bert-music-context\data\raw\musiccaps\audio\WsaOJT2SsPg_47_57.wav,10.0,
Wu-Oh9OJIlI,ok,B:\CSE425_Project\gnn-bert-music-context\data\raw\musiccaps\audio\Wu-Oh9OJIlI_30_40.wav,10.0,
WvEtOYCShfM,missing,,,ERROR: [youtube] WvEtOYCShfM: This video is unavailable
Wu3LKQG1fwU,ok,B:\CSE425_Project\gnn-bert-music-context\data\raw\musiccaps\audio\Wu3LKQG1fwU_40_50.wav,10.0,
WvaIypMvAHY,ok,B:\CSE425_Project\gnn-bert-music-context\data\raw\musiccaps\audio\WvaIypMvAHY_490_500.wav,10.0,
Wvg5rlMbjJc,ok,B:\CSE425_Project\gnn-bert-music-context\data\raw\musiccaps\audio\Wvg5rlMbjJc_10_20.wav,10.0,
Wvh59Y4OzUM,ok,B:\CSE425_Project\gnn-bert-music-context\data\raw\musiccaps\audio\Wvh59Y4OzUM_70_80.wav,10.0,
WxgolzWTmO4,ok,B:\CSE425_Project\gnn-bert-music-context\data\raw\musiccaps\audio\WxgolzWTmO4_150_160.wav,10.0,
WyGJdstaxK4,ok,B:\CSE425_Project\gnn-bert-music-context\data\raw\musiccaps\audio\WyGJdstaxK4_30_40.wav,10.0,
WySgNm8qH-I,ok,B:\CSE425_Project\gnn-bert-music-context\data\raw\musiccaps\audio\WySgNm8qH-I_30_40.wav,10.0,
X-uVubaJ3II,ok,B:\CSE425_Project\gnn-bert-music-context\data\raw\musiccaps\audio\X-uVubaJ3II_60_70.wav,10.0,
X1KJfb5xhr4,ok,B:\CSE425_Project\gnn-bert-music-context\data\raw\musiccaps\audio\X1KJfb5xhr4_50_60.wav,10.0,
X1_RmTiDC4I,ok,B:\CSE425_Project\gnn-bert-music-context\data\raw\musiccaps\audio\X1_RmTiDC4I_30_40.wav,10.0,
X28GWrn9LlI,ok,B:\CSE425_Project\gnn-bert-music-context\data\raw\musiccaps\audio\X28GWrn9LlI_110_120.wav,10.0,
X2gHQb5ubco,ok,B:\CSE425_Project\gnn-bert-music-context\data\raw\musiccaps\audio\X2gHQb5ubco_280_290.wav,10.0,
X6Q53uXgaHc,ok,B:\CSE425_Project\gnn-bert-music-context\data\raw\musiccaps\audio\X6Q53uXgaHc_30_40.wav,10.0,
X7qFgrAl3OU,ok,B:\CSE425_Project\gnn-bert-music-context\data\raw\musiccaps\audio\X7qFgrAl3OU_70_80.wav,10.0,
X96v9LlsjJM,ok,B:\CSE425_Project\gnn-bert-music-context\data\raw\musiccaps\audio\X96v9LlsjJM_30_40.wav,10.0,
X9H8FzpVL8s,ok,B:\CSE425_Project\gnn-bert-music-context\data\raw\musiccaps\audio\X9H8FzpVL8s_310_320.wav,10.0,
X0MN34Us6eE,ok,B:\CSE425_Project\gnn-bert-music-context\data\raw\musiccaps\audio\X0MN34Us6eE_30_40.wav,10.0,
X7LrhZX4rdU,ok,B:\CSE425_Project\gnn-bert-music-context\data\raw\musiccaps\audio\X7LrhZX4rdU_30_40.wav,10.0,
XCQMJXkI5bA,missing,,,ERROR: [youtube] XCQMJXkI5bA: This video has been removed for violating YouTube's Terms of Service
XE4NRSDLYG8,ok,B:\CSE425_Project\gnn-bert-music-context\data\raw\musiccaps\audio\XE4NRSDLYG8_20_30.wav,10.0,
XFuw-m2gYOQ,ok,B:\CSE425_Project\gnn-bert-music-context\data\raw\musiccaps\audio\XFuw-m2gYOQ_30_40.wav,10.0,
XEIP1OUXU8E,ok,B:\CSE425_Project\gnn-bert-music-context\data\raw\musiccaps\audio\XEIP1OUXU8E_140_150.wav,10.0,
XDBxMQrRaFY,ok,B:\CSE425_Project\gnn-bert-music-context\data\raw\musiccaps\audio\XDBxMQrRaFY_30_40.wav,10.0,
XHczpbtBhk4,ok,B:\CSE425_Project\gnn-bert-music-context\data\raw\musiccaps\audio\XHczpbtBhk4_0_10.wav,10.0,
XI9CNsX6JSE,ok,B:\CSE425_Project\gnn-bert-music-context\data\raw\musiccaps\audio\XI9CNsX6JSE_230_240.wav,10.0,
XI-tRuDZ6HA,ok,B:\CSE425_Project\gnn-bert-music-context\data\raw\musiccaps\audio\XI-tRuDZ6HA_100_110.wav,10.0,
XILyHZyyCik,ok,B:\CSE425_Project\gnn-bert-music-context\data\raw\musiccaps\audio\XILyHZyyCik_140_150.wav,10.0,
XJ3VlCAIWQ0,ok,B:\CSE425_Project\gnn-bert-music-context\data\raw\musiccaps\audio\XJ3VlCAIWQ0_30_40.wav,10.0,
XKp670Yh0E0,ok,B:\CSE425_Project\gnn-bert-music-context\data\raw\musiccaps\audio\XKp670Yh0E0_0_10.wav,10.0,
XJXn88r9ys8,ok,B:\CSE425_Project\gnn-bert-music-context\data\raw\musiccaps\audio\XJXn88r9ys8_280_290.wav,10.0,
XM4hxyK-Ddo,ok,B:\CSE425_Project\gnn-bert-music-context\data\raw\musiccaps\audio\XM4hxyK-Ddo_30_40.wav,10.0,
XNlFs7Yjauk,ok,B:\CSE425_Project\gnn-bert-music-context\data\raw\musiccaps\audio\XNlFs7Yjauk_40_50.wav,10.0,
XOLVI1bgxqk,ok,B:\CSE425_Project\gnn-bert-music-context\data\raw\musiccaps\audio\XOLVI1bgxqk_170_180.wav,10.0,
XPGtOugQ69U,ok,B:\CSE425_Project\gnn-bert-music-context\data\raw\musiccaps\audio\XPGtOugQ69U_290_300.wav,10.0,
XOsHEjo-RSg,ok,B:\CSE425_Project\gnn-bert-music-context\data\raw\musiccaps\audio\XOsHEjo-RSg_180_190.wav,9.999977324263039,
XRQyoAk-Qz0,ok,B:\CSE425_Project\gnn-bert-music-context\data\raw\musiccaps\audio\XRQyoAk-Qz0_30_40.wav,10.0,
XS-3djsJWTA,ok,B:\CSE425_Project\gnn-bert-music-context\data\raw\musiccaps\audio\XS-3djsJWTA_360_370.wav,10.0,
XQB27QPic3k,ok,B:\CSE425_Project\gnn-bert-music-context\data\raw\musiccaps\audio\XQB27QPic3k_30_40.wav,10.0,
XUD-9HkQuTE,ok,B:\CSE425_Project\gnn-bert-music-context\data\raw\musiccaps\audio\XUD-9HkQuTE_30_40.wav,10.0,
XUzaEsoOlWQ,ok,B:\CSE425_Project\gnn-bert-music-context\data\raw\musiccaps\audio\XUzaEsoOlWQ_180_190.wav,10.0,
XW6tS4zAZ5E,ok,B:\CSE425_Project\gnn-bert-music-context\data\raw\musiccaps\audio\XW6tS4zAZ5E_10_20.wav,10.0,
XWVGQbfpA0k,ok,B:\CSE425_Project\gnn-bert-music-context\data\raw\musiccaps\audio\XWVGQbfpA0k_130_140.wav,10.0,
XWhmLbnrtd0,ok,B:\CSE425_Project\gnn-bert-music-context\data\raw\musiccaps\audio\XWhmLbnrtd0_160_170.wav,10.0,
XXBVsNt2Qr8,ok,B:\CSE425_Project\gnn-bert-music-context\data\raw\musiccaps\audio\XXBVsNt2Qr8_30_40.wav,10.0,
XXdPZMsrBd4,ok,B:\CSE425_Project\gnn-bert-music-context\data\raw\musiccaps\audio\XXdPZMsrBd4_370_380.wav,10.0,
XWj7nP7kfdQ,ok,B:\CSE425_Project\gnn-bert-music-context\data\raw\musiccaps\audio\XWj7nP7kfdQ_280_290.wav,10.0,
XYOnq7ju7o0,ok,B:\CSE425_Project\gnn-bert-music-context\data\raw\musiccaps\audio\XYOnq7ju7o0_30_40.wav,10.0,
XYQnMxWnetY,ok,B:\CSE425_Project\gnn-bert-music-context\data\raw\musiccaps\audio\XYQnMxWnetY_80_90.wav,10.0,
XaUXJG0BZuk,ok,B:\CSE425_Project\gnn-bert-music-context\data\raw\musiccaps\audio\XaUXJG0BZuk_0_10.wav,10.0,
XZurp_Ex9No,ok,B:\CSE425_Project\gnn-bert-music-context\data\raw\musiccaps\audio\XZurp_Ex9No_30_40.wav,10.0,
X_nfMNpw9SA,missing,,,ERROR: Postprocessing: WARNING: unable to obtain file audio codec with ffprobe
XaqVAF-ADWU,missing,,,"ERROR: [youtube] XaqVAF-ADWU: Unable to download API page: HTTPSConnection(host='www.youtube.com', port=443): Failed to resolve 'www.youtube.com' ([Errno 11001] getaddrinfo failed) (caused by Transpor"
Xaq-segSEsQ,missing,,,"ERROR: [youtube] Xaq-segSEsQ: Unable to download API page: HTTPSConnection(host='www.youtube.com', port=443): Failed to resolve 'www.youtube.com' ([Errno 11001] getaddrinfo failed) (caused by Transpor"
XalMIYYgHt0,missing,,,"ERROR: [youtube] XalMIYYgHt0: Unable to download API page: HTTPSConnection(host='www.youtube.com', port=443): Failed to resolve 'www.youtube.com' ([Errno 11001] getaddrinfo failed) (caused by Transpor"
XcvY-NdM8WA,missing,,,"ERROR: [youtube] XcvY-NdM8WA: Unable to download API page: HTTPSConnection(host='www.youtube.com', port=443): Failed to resolve 'www.youtube.com' ([Errno 11001] getaddrinfo failed) (caused by Transpor"
XdxTZ4-sJvY,missing,,,"ERROR: [youtube] XdxTZ4-sJvY: Unable to download API page: HTTPSConnection(host='www.youtube.com', port=443): Failed to resolve 'www.youtube.com' ([Errno 11001] getaddrinfo failed) (caused by Transpor"
XdBf_omYIO4,missing,,,"ERROR: [youtube] XdBf_omYIO4: Unable to download API page: HTTPSConnection(host='www.youtube.com', port=443): Failed to resolve 'www.youtube.com' ([Errno 11001] getaddrinfo failed) (caused by Transpor"
Xe59DpKa-O4,missing,,,"ERROR: [youtube] Xe59DpKa-O4: Unable to download API page: HTTPSConnection(host='www.youtube.com', port=443): Failed to resolve 'www.youtube.com' ([Errno 11001] getaddrinfo failed) (caused by Transpor"
Xf0aZ3a3Toc,missing,,,"ERROR: [youtube] Xf0aZ3a3Toc: Unable to download API page: HTTPSConnection(host='www.youtube.com', port=443): Failed to resolve 'www.youtube.com' ([Errno 11001] getaddrinfo failed) (caused by Transpor"
XfLI8gHCuFE,missing,,,"ERROR: [youtube] XfLI8gHCuFE: Unable to download API page: HTTPSConnection(host='www.youtube.com', port=443): Failed to resolve 'www.youtube.com' ([Errno 11001] getaddrinfo failed) (caused by Transpor"
XfdySM4X9Xo,missing,,,"ERROR: [youtube] XfdySM4X9Xo: Unable to download API page: HTTPSConnection(host='www.youtube.com', port=443): Failed to resolve 'www.youtube.com' ([Errno 11001] getaddrinfo failed) (caused by Transpor"
XfLIbeSJSHE,missing,,,"ERROR: [youtube] XfLIbeSJSHE: Unable to download API page: HTTPSConnection(host='www.youtube.com', port=443): Failed to resolve 'www.youtube.com' ([Errno 11001] getaddrinfo failed) (caused by Transpor"
XgLUXNAC7b8,missing,,,"ERROR: [youtube] XgLUXNAC7b8: Unable to download API page: HTTPSConnection(host='www.youtube.com', port=443): Failed to resolve 'www.youtube.com' ([Errno 11001] getaddrinfo failed) (caused by Transpor"
XgOA5oRkL2A,missing,,,"ERROR: [youtube] XgOA5oRkL2A: Unable to download API page: HTTPSConnection(host='www.youtube.com', port=443): Failed to resolve 'www.youtube.com' ([Errno 11001] getaddrinfo failed) (caused by Transpor"
XhV4zf-Xlmk,missing,,,"ERROR: [youtube] XhV4zf-Xlmk: Unable to download API page: HTTPSConnection(host='www.youtube.com', port=443): Failed to resolve 'www.youtube.com' ([Errno 11001] getaddrinfo failed) (caused by Transpor"
XgXOW3lX25Y,missing,,,"ERROR: [youtube] XgXOW3lX25Y: Unable to download API page: HTTPSConnection(host='www.youtube.com', port=443): Failed to resolve 'www.youtube.com' ([Errno 11001] getaddrinfo failed) (caused by Transpor"
Ximk6BHj9nE,missing,,,"ERROR: [youtube] Ximk6BHj9nE: Unable to download API page: HTTPSConnection(host='www.youtube.com', port=443): Failed to resolve 'www.youtube.com' ([Errno 11001] getaddrinfo failed) (caused by Transpor"
XjGm3Bn4j5k,missing,,,"ERROR: [youtube] XjGm3Bn4j5k: Unable to download API page: HTTPSConnection(host='www.youtube.com', port=443): Failed to resolve 'www.youtube.com' ([Errno 11001] getaddrinfo failed) (caused by Transpor"
XjoRxeEyjz4,missing,,,"ERROR: [youtube] XjoRxeEyjz4: Unable to download API page: HTTPSConnection(host='www.youtube.com', port=443): Failed to resolve 'www.youtube.com' ([Errno 11001] getaddrinfo failed) (caused by Transpor"
XjUmXwVlDDo,missing,,,"ERROR: [youtube] XjUmXwVlDDo: Unable to download API page: HTTPSConnection(host='www.youtube.com', port=443): Failed to resolve 'www.youtube.com' ([Errno 11001] getaddrinfo failed) (caused by Transpor"
XjrVSk0_4vc,missing,,,"ERROR: [youtube] XjrVSk0_4vc: Unable to download API page: HTTPSConnection(host='www.youtube.com', port=443): Failed to resolve 'www.youtube.com' ([Errno 11001] getaddrinfo failed) (caused by Transpor"
XkBXsaSXDJ0,missing,,,"ERROR: [youtube] XkBXsaSXDJ0: Unable to download API page: HTTPSConnection(host='www.youtube.com', port=443): Failed to resolve 'www.youtube.com' ([Errno 11001] getaddrinfo failed) (caused by Transpor"
Xm2ciX0_UP8,missing,,,"ERROR: [youtube] Xm2ciX0_UP8: Unable to download API page: HTTPSConnection(host='www.youtube.com', port=443): Failed to resolve 'www.youtube.com' ([Errno 11001] getaddrinfo failed) (caused by Transpor"
Xl4RSHQsnl8,missing,,,"ERROR: [youtube] Xl4RSHQsnl8: Unable to download API page: HTTPSConnection(host='www.youtube.com', port=443): Failed to resolve 'www.youtube.com' ([Errno 11001] getaddrinfo failed) (caused by Transpor"
XmMN-6g1L8w,missing,,,"ERROR: [youtube] XmMN-6g1L8w: Unable to download API page: HTTPSConnection(host='www.youtube.com', port=443): Failed to resolve 'www.youtube.com' ([Errno 11001] getaddrinfo failed) (caused by Transpor"
Xn0wIqnt_44,missing,,,"ERROR: [youtube] Xn0wIqnt_44: Unable to download API page: HTTPSConnection(host='www.youtube.com', port=443): Failed to resolve 'www.youtube.com' ([Errno 11001] getaddrinfo failed) (caused by Transpor"
XnHAH2aPHk0,missing,,,"ERROR: [youtube] XnHAH2aPHk0: Unable to download API page: HTTPSConnection(host='www.youtube.com', port=443): Failed to resolve 'www.youtube.com' ([Errno 11001] getaddrinfo failed) (caused by Transpor"
XnMokzAE5kk,missing,,,"ERROR: [youtube] XnMokzAE5kk: Unable to download API page: HTTPSConnection(host='www.youtube.com', port=443): Failed to resolve 'www.youtube.com' ([Errno 11001] getaddrinfo failed) (caused by Transpor"
XoTJkok3FlY,missing,,,"ERROR: [youtube] XoTJkok3FlY: Unable to download API page: HTTPSConnection(host='www.youtube.com', port=443): Failed to resolve 'www.youtube.com' ([Errno 11001] getaddrinfo failed) (caused by Transpor"
Xoke1wUwEXY,missing,,,"ERROR: [youtube] Xoke1wUwEXY: Unable to download API page: HTTPSConnection(host='www.youtube.com', port=443): Failed to resolve 'www.youtube.com' ([Errno 11001] getaddrinfo failed) (caused by Transpor"
XpueyrkcMyQ,missing,,,"ERROR: [youtube] XpueyrkcMyQ: Unable to download API page: HTTPSConnection(host='www.youtube.com', port=443): Failed to resolve 'www.youtube.com' ([Errno 11001] getaddrinfo failed) (caused by Transpor"
XrjkzI6TVwc,missing,,,"ERROR: [youtube] XrjkzI6TVwc: Unable to download API page: HTTPSConnection(host='www.youtube.com', port=443): Failed to resolve 'www.youtube.com' ([Errno 11001] getaddrinfo failed) (caused by Transpor"
XscK8V4Veac,missing,,,"ERROR: [youtube] XscK8V4Veac: Unable to download API page: HTTPSConnection(host='www.youtube.com', port=443): Failed to resolve 'www.youtube.com' ([Errno 11001] getaddrinfo failed) (caused by Transpor"
XscNEv9tX5U,missing,,,"ERROR: [youtube] XscNEv9tX5U: Unable to download API page: HTTPSConnection(host='www.youtube.com', port=443): Failed to resolve 'www.youtube.com' ([Errno 11001] getaddrinfo failed) (caused by Transpor"
XtpfZx12hDM,missing,,,"ERROR: [youtube] XtpfZx12hDM: Unable to download API page: HTTPSConnection(host='www.youtube.com', port=443): Failed to resolve 'www.youtube.com' ([Errno 11001] getaddrinfo failed) (caused by Transpor"
Xsvi5Mgl3qo,missing,,,"ERROR: [youtube] Xsvi5Mgl3qo: Unable to download API page: HTTPSConnection(host='www.youtube.com', port=443): Failed to resolve 'www.youtube.com' ([Errno 11001] getaddrinfo failed) (caused by Transpor"
Xus0LI3QV2A,missing,,,"ERROR: [youtube] Xus0LI3QV2A: Unable to download API page: HTTPSConnection(host='www.youtube.com', port=443): Failed to resolve 'www.youtube.com' ([Errno 11001] getaddrinfo failed) (caused by Transpor"
XvN-qr-WYmw,missing,,,"ERROR: [youtube] XvN-qr-WYmw: Unable to download API page: HTTPSConnection(host='www.youtube.com', port=443): Failed to resolve 'www.youtube.com' ([Errno 11001] getaddrinfo failed) (caused by Transpor"
XvtL_TTLXHY,missing,,,"ERROR: [youtube] XvtL_TTLXHY: Unable to download API page: HTTPSConnection(host='www.youtube.com', port=443): Failed to resolve 'www.youtube.com' ([Errno 11001] getaddrinfo failed) (caused by Transpor"
XvyaEbEpAMc,missing,,,"ERROR: [youtube] XvyaEbEpAMc: Unable to download API page: HTTPSConnection(host='www.youtube.com', port=443): Failed to resolve 'www.youtube.com' ([Errno 11001] getaddrinfo failed) (caused by Transpor"
XwhAoMLNYWQ,missing,,,"ERROR: [youtube] XwhAoMLNYWQ: Unable to download API page: HTTPSConnection(host='www.youtube.com', port=443): Failed to resolve 'www.youtube.com' ([Errno 11001] getaddrinfo failed) (caused by Transpor"
XxKlsW4H0qo,missing,,,"ERROR: [youtube] XxKlsW4H0qo: Unable to download API page: HTTPSConnection(host='www.youtube.com', port=443): Failed to resolve 'www.youtube.com' ([Errno 11001] getaddrinfo failed) (caused by Transpor"
Xy7KtmHMQzU,missing,,,"ERROR: [youtube] Xy7KtmHMQzU: Unable to download API page: HTTPSConnection(host='www.youtube.com', port=443): Failed to resolve 'www.youtube.com' ([Errno 11001] getaddrinfo failed) (caused by Transpor"
Xxe6vTEwFvs,missing,,,"ERROR: [youtube] Xxe6vTEwFvs: Unable to download API page: HTTPSConnection(host='www.youtube.com', port=443): Failed to resolve 'www.youtube.com' ([Errno 11001] getaddrinfo failed) (caused by Transpor"
XykUpCigu4w,missing,,,"ERROR: [youtube] XykUpCigu4w: Unable to download API page: HTTPSConnection(host='www.youtube.com', port=443): Failed to resolve 'www.youtube.com' ([Errno 11001] getaddrinfo failed) (caused by Transpor"
XzRxO8n3WRE,missing,,,"ERROR: [youtube] XzRxO8n3WRE: Unable to download API page: HTTPSConnection(host='www.youtube.com', port=443): Failed to resolve 'www.youtube.com' ([Errno 11001] getaddrinfo failed) (caused by Transpor"
XzTBNfQ7_GA,missing,,,"ERROR: [youtube] XzTBNfQ7_GA: Unable to download API page: HTTPSConnection(host='www.youtube.com', port=443): Failed to resolve 'www.youtube.com' ([Errno 11001] getaddrinfo failed) (caused by Transpor"
XzlDa1dzUh4,missing,,,"ERROR: [youtube] XzlDa1dzUh4: Unable to download API page: HTTPSConnection(host='www.youtube.com', port=443): Failed to resolve 'www.youtube.com' ([Errno 11001] getaddrinfo failed) (caused by Transpor"
XzwhTltRQcM,missing,,,"ERROR: [youtube] XzwhTltRQcM: Unable to download API page: HTTPSConnection(host='www.youtube.com', port=443): Failed to resolve 'www.youtube.com' ([Errno 11001] getaddrinfo failed) (caused by Transpor"
Y-qOOR0izlE,missing,,,"ERROR: [youtube] Y-qOOR0izlE: Unable to download API page: HTTPSConnection(host='www.youtube.com', port=443): Failed to resolve 'www.youtube.com' ([Errno 11001] getaddrinfo failed) (caused by Transpor"
Y02VBGoTi9w,missing,,,"ERROR: [youtube] Y02VBGoTi9w: Unable to download API page: HTTPSConnection(host='www.youtube.com', port=443): Failed to resolve 'www.youtube.com' ([Errno 11001] getaddrinfo failed) (caused by Transpor"
Y0_Ixl1d7oQ,missing,,,"ERROR: [youtube] Y0_Ixl1d7oQ: Unable to download API page: HTTPSConnection(host='www.youtube.com', port=443): Failed to resolve 'www.youtube.com' ([Errno 11001] getaddrinfo failed) (caused by Transpor"
Y1ItBiA8nKU,missing,,,"ERROR: [youtube] Y1ItBiA8nKU: Unable to download API page: HTTPSConnection(host='www.youtube.com', port=443): Failed to resolve 'www.youtube.com' ([Errno 11001] getaddrinfo failed) (caused by Transpor"
Y1gheqplpIg,missing,,,"ERROR: [youtube] Y1gheqplpIg: Unable to download API page: HTTPSConnection(host='www.youtube.com', port=443): Failed to resolve 'www.youtube.com' ([Errno 11001] getaddrinfo failed) (caused by Transpor"
Y3WXrp3JFxU,missing,,,"ERROR: [youtube] Y3WXrp3JFxU: Unable to download API page: HTTPSConnection(host='www.youtube.com', port=443): Failed to resolve 'www.youtube.com' ([Errno 11001] getaddrinfo failed) (caused by Transpor"
Y5RVYmf3uWc,missing,,,"ERROR: [youtube] Y5RVYmf3uWc: Unable to download API page: HTTPSConnection(host='www.youtube.com', port=443): Failed to resolve 'www.youtube.com' ([Errno 11001] getaddrinfo failed) (caused by Transpor"
Y6OOFbrzdP8,missing,,,"ERROR: [youtube] Y6OOFbrzdP8: Unable to download API page: HTTPSConnection(host='www.youtube.com', port=443): Failed to resolve 'www.youtube.com' ([Errno 11001] getaddrinfo failed) (caused by Transpor"
Y7SoAXBFUew,missing,,,"ERROR: [youtube] Y7SoAXBFUew: Unable to download API page: HTTPSConnection(host='www.youtube.com', port=443): Failed to resolve 'www.youtube.com' ([Errno 11001] getaddrinfo failed) (caused by Transpor"
Y7mTjfgcybQ,missing,,,"ERROR: [youtube] Y7mTjfgcybQ: Unable to download API page: HTTPSConnection(host='www.youtube.com', port=443): Failed to resolve 'www.youtube.com' ([Errno 11001] getaddrinfo failed) (caused by Transpor"
Y8ULUSXWTcY,missing,,,"ERROR: [youtube] Y8ULUSXWTcY: Unable to download API page: HTTPSConnection(host='www.youtube.com', port=443): Failed to resolve 'www.youtube.com' ([Errno 11001] getaddrinfo failed) (caused by Transpor"
Y8plCTF8xsY,missing,,,"ERROR: [youtube] Y8plCTF8xsY: Unable to download API page: HTTPSConnection(host='www.youtube.com', port=443): Failed to resolve 'www.youtube.com' ([Errno 11001] getaddrinfo failed) (caused by Transpor"
Y8wHDcVCGa0,missing,,,"ERROR: [youtube] Y8wHDcVCGa0: Unable to download API page: HTTPSConnection(host='www.youtube.com', port=443): Failed to resolve 'www.youtube.com' ([Errno 11001] getaddrinfo failed) (caused by Transpor"
YAVVMxqtxGE,missing,,,"ERROR: [youtube] YAVVMxqtxGE: Unable to download API page: HTTPSConnection(host='www.youtube.com', port=443): Failed to resolve 'www.youtube.com' ([Errno 11001] getaddrinfo failed) (caused by Transpor"
YAYp2E5vMNw,missing,,,"ERROR: [youtube] YAYp2E5vMNw: Unable to download API page: HTTPSConnection(host='www.youtube.com', port=443): Failed to resolve 'www.youtube.com' ([Errno 11001] getaddrinfo failed) (caused by Transpor"
YB28WMv7wUE,missing,,,"ERROR: [youtube] YB28WMv7wUE: Unable to download API page: HTTPSConnection(host='www.youtube.com', port=443): Failed to resolve 'www.youtube.com' ([Errno 11001] getaddrinfo failed) (caused by Transpor"
YB_PzRgHOeo,missing,,,"ERROR: [youtube] YB_PzRgHOeo: Unable to download API page: HTTPSConnection(host='www.youtube.com', port=443): Failed to resolve 'www.youtube.com' ([Errno 11001] getaddrinfo failed) (caused by Transpor"
YBbvQ0RPrG8,missing,,,"ERROR: [youtube] YBbvQ0RPrG8: Unable to download API page: HTTPSConnection(host='www.youtube.com', port=443): Failed to resolve 'www.youtube.com' ([Errno 11001] getaddrinfo failed) (caused by Transpor"
YDBxdZchOuM,missing,,,"ERROR: [youtube] YDBxdZchOuM: Unable to download API page: HTTPSConnection(host='www.youtube.com', port=443): Failed to resolve 'www.youtube.com' ([Errno 11001] getaddrinfo failed) (caused by Transpor"
YDh36ZdneAU,missing,,,"ERROR: [youtube] YDh36ZdneAU: Unable to download API page: HTTPSConnection(host='www.youtube.com', port=443): Failed to resolve 'www.youtube.com' ([Errno 11001] getaddrinfo failed) (caused by Transpor"
YE2rN3xknlk,missing,,,"ERROR: [youtube] YE2rN3xknlk: Unable to download API page: HTTPSConnection(host='www.youtube.com', port=443): Failed to resolve 'www.youtube.com' ([Errno 11001] getaddrinfo failed) (caused by Transpor"
YErpnsceZw8,missing,,,"ERROR: [youtube] YErpnsceZw8: Unable to download API page: HTTPSConnection(host='www.youtube.com', port=443): Failed to resolve 'www.youtube.com' ([Errno 11001] getaddrinfo failed) (caused by Transpor"
YEwikeeqF38,missing,,,"ERROR: [youtube] YEwikeeqF38: Unable to download API page: HTTPSConnection(host='www.youtube.com', port=443): Failed to resolve 'www.youtube.com' ([Errno 11001] getaddrinfo failed) (caused by Transpor"
YFXSbPFaxcA,missing,,,"ERROR: [youtube] YFXSbPFaxcA: Unable to download API page: HTTPSConnection(host='www.youtube.com', port=443): Failed to resolve 'www.youtube.com' ([Errno 11001] getaddrinfo failed) (caused by Transpor"
YFhbrSUb0JQ,missing,,,"ERROR: [youtube] YFhbrSUb0JQ: Unable to download API page: HTTPSConnection(host='www.youtube.com', port=443): Failed to resolve 'www.youtube.com' ([Errno 11001] getaddrinfo failed) (caused by Transpor"
YGWweVRzFrw,missing,,,"ERROR: [youtube] YGWweVRzFrw: Unable to download API page: HTTPSConnection(host='www.youtube.com', port=443): Failed to resolve 'www.youtube.com' ([Errno 11001] getaddrinfo failed) (caused by Transpor"
YIhfk4Zaevk,missing,,,"ERROR: [youtube] YIhfk4Zaevk: Unable to download API page: HTTPSConnection(host='www.youtube.com', port=443): Failed to resolve 'www.youtube.com' ([Errno 11001] getaddrinfo failed) (caused by Transpor"
YJKZVSvz1Bk,missing,,,"ERROR: [youtube] YJKZVSvz1Bk: Unable to download API page: HTTPSConnection(host='www.youtube.com', port=443): Failed to resolve 'www.youtube.com' ([Errno 11001] getaddrinfo failed) (caused by Transpor"
YK1AEw1kf28,missing,,,"ERROR: [youtube] YK1AEw1kf28: Unable to download API page: HTTPSConnection(host='www.youtube.com', port=443): Failed to resolve 'www.youtube.com' ([Errno 11001] getaddrinfo failed) (caused by Transpor"
YLlbLSNxdQ4,missing,,,"ERROR: [youtube] YLlbLSNxdQ4: Unable to download API page: HTTPSConnection(host='www.youtube.com', port=443): Failed to resolve 'www.youtube.com' ([Errno 11001] getaddrinfo failed) (caused by Transpor"
YKQMolFL2Rs,missing,,,"ERROR: [youtube] YKQMolFL2Rs: Unable to download API page: HTTPSConnection(host='www.youtube.com', port=443): Failed to resolve 'www.youtube.com' ([Errno 11001] getaddrinfo failed) (caused by Transpor"
YMq4wE6KxmQ,missing,,,"ERROR: [youtube] YMq4wE6KxmQ: Unable to download API page: HTTPSConnection(host='www.youtube.com', port=443): Failed to resolve 'www.youtube.com' ([Errno 11001] getaddrinfo failed) (caused by Transpor"
YNdexakUGOo,missing,,,"ERROR: [youtube] YNdexakUGOo: Unable to download API page: HTTPSConnection(host='www.youtube.com', port=443): Failed to resolve 'www.youtube.com' ([Errno 11001] getaddrinfo failed) (caused by Transpor"
YNoR-SR5t1s,missing,,,"ERROR: [youtube] YNoR-SR5t1s: Unable to download API page: HTTPSConnection(host='www.youtube.com', port=443): Failed to resolve 'www.youtube.com' ([Errno 11001] getaddrinfo failed) (caused by Transpor"
YNv7mzbUUHc,missing,,,"ERROR: [youtube] YNv7mzbUUHc: Unable to download API page: HTTPSConnection(host='www.youtube.com', port=443): Failed to resolve 'www.youtube.com' ([Errno 11001] getaddrinfo failed) (caused by Transpor"
YOA1JOyd7cw,missing,,,"ERROR: [youtube] YOA1JOyd7cw: Unable to download API page: HTTPSConnection(host='www.youtube.com', port=443): Failed to resolve 'www.youtube.com' ([Errno 11001] getaddrinfo failed) (caused by Transpor"
YODoF8e7Jlk,missing,,,"ERROR: [youtube] YODoF8e7Jlk: Unable to download API page: HTTPSConnection(host='www.youtube.com', port=443): Failed to resolve 'www.youtube.com' ([Errno 11001] getaddrinfo failed) (caused by Transpor"
YOG_PPvTvW0,missing,,,"ERROR: [youtube] YOG_PPvTvW0: Unable to download API page: HTTPSConnection(host='www.youtube.com', port=443): Failed to resolve 'www.youtube.com' ([Errno 11001] getaddrinfo failed) (caused by Transpor"
YSXrSxC68VM,missing,,,"ERROR: [youtube] YSXrSxC68VM: Unable to download API page: HTTPSConnection(host='www.youtube.com', port=443): Failed to resolve 'www.youtube.com' ([Errno 11001] getaddrinfo failed) (caused by Transpor"
YSrTtw6ku2E,missing,,,"ERROR: [youtube] YSrTtw6ku2E: Unable to download API page: HTTPSConnection(host='www.youtube.com', port=443): Failed to resolve 'www.youtube.com' ([Errno 11001] getaddrinfo failed) (caused by Transpor"
YTYj8Bk0qM8,missing,,,"ERROR: [youtube] YTYj8Bk0qM8: Unable to download API page: HTTPSConnection(host='www.youtube.com', port=443): Failed to resolve 'www.youtube.com' ([Errno 11001] getaddrinfo failed) (caused by Transpor"
YTZK9FNgK74,missing,,,"ERROR: [youtube] YTZK9FNgK74: Unable to download API page: HTTPSConnection(host='www.youtube.com', port=443): Failed to resolve 'www.youtube.com' ([Errno 11001] getaddrinfo failed) (caused by Transpor"
YVEqyQjyy1Q,missing,,,"ERROR: [youtube] YVEqyQjyy1Q: Unable to download API page: HTTPSConnection(host='www.youtube.com', port=443): Failed to resolve 'www.youtube.com' ([Errno 11001] getaddrinfo failed) (caused by Transpor"
YWf3I4jKusI,missing,,,"ERROR: [youtube] YWf3I4jKusI: Unable to download API page: HTTPSConnection(host='www.youtube.com', port=443): Failed to resolve 'www.youtube.com' ([Errno 11001] getaddrinfo failed) (caused by Transpor"
YW4AKwkpYxs,missing,,,"ERROR: [youtube] YW4AKwkpYxs: Unable to download API page: HTTPSConnection(host='www.youtube.com', port=443): Failed to resolve 'www.youtube.com' ([Errno 11001] getaddrinfo failed) (caused by Transpor"
YXDHyD4HU0E,missing,,,"ERROR: [youtube] YXDHyD4HU0E: Unable to download API page: HTTPSConnection(host='www.youtube.com', port=443): Failed to resolve 'www.youtube.com' ([Errno 11001] getaddrinfo failed) (caused by Transpor"
YZH-PZBir3E,missing,,,"ERROR: [youtube] YZH-PZBir3E: Unable to download API page: HTTPSConnection(host='www.youtube.com', port=443): Failed to resolve 'www.youtube.com' ([Errno 11001] getaddrinfo failed) (caused by Transpor"
YZx0_GRtvJk,missing,,,"ERROR: [youtube] YZx0_GRtvJk: Unable to download API page: HTTPSConnection(host='www.youtube.com', port=443): Failed to resolve 'www.youtube.com' ([Errno 11001] getaddrinfo failed) (caused by Transpor"
YZvv4hOlNqw,missing,,,"ERROR: [youtube] YZvv4hOlNqw: Unable to download API page: HTTPSConnection(host='www.youtube.com', port=443): Failed to resolve 'www.youtube.com' ([Errno 11001] getaddrinfo failed) (caused by Transpor"
Y_eh6C0EBP8,missing,,,"ERROR: [youtube] Y_eh6C0EBP8: Unable to download API page: HTTPSConnection(host='www.youtube.com', port=443): Failed to resolve 'www.youtube.com' ([Errno 11001] getaddrinfo failed) (caused by Transpor"
YbLR6dgY-K4,missing,,,"ERROR: [youtube] YbLR6dgY-K4: Unable to download API page: HTTPSConnection(host='www.youtube.com', port=443): Failed to resolve 'www.youtube.com' ([Errno 11001] getaddrinfo failed) (caused by Transpor"
YcWJUHWt-64,missing,,,"ERROR: [youtube] YcWJUHWt-64: Unable to download API page: HTTPSConnection(host='www.youtube.com', port=443): Failed to resolve 'www.youtube.com' ([Errno 11001] getaddrinfo failed) (caused by Transpor"
YcfGSJB1YvQ,missing,,,"ERROR: [youtube] YcfGSJB1YvQ: Unable to download API page: HTTPSConnection(host='www.youtube.com', port=443): Failed to resolve 'www.youtube.com' ([Errno 11001] getaddrinfo failed) (caused by Transpor"
Ycid0vBwqUg,missing,,,"ERROR: [youtube] Ycid0vBwqUg: Unable to download API page: HTTPSConnection(host='www.youtube.com', port=443): Failed to resolve 'www.youtube.com' ([Errno 11001] getaddrinfo failed) (caused by Transpor"
Yd8JBTdUvrw,missing,,,"ERROR: [youtube] Yd8JBTdUvrw: Unable to download API page: HTTPSConnection(host='www.youtube.com', port=443): Failed to resolve 'www.youtube.com' ([Errno 11001] getaddrinfo failed) (caused by Transpor"
YddV91xnUz4,missing,,,"ERROR: [youtube] YddV91xnUz4: Unable to download API page: HTTPSConnection(host='www.youtube.com', port=443): Failed to resolve 'www.youtube.com' ([Errno 11001] getaddrinfo failed) (caused by Transpor"
YeIXmKPyTVY,missing,,,"ERROR: [youtube] YeIXmKPyTVY: Unable to download API page: HTTPSConnection(host='www.youtube.com', port=443): Failed to resolve 'www.youtube.com' ([Errno 11001] getaddrinfo failed) (caused by Transpor"
YgX85tZf1ts,missing,,,"ERROR: [youtube] YgX85tZf1ts: Unable to download API page: HTTPSConnection(host='www.youtube.com', port=443): Failed to resolve 'www.youtube.com' ([Errno 11001] getaddrinfo failed) (caused by Transpor"
Yiau7DypQi0,missing,,,"ERROR: [youtube] Yiau7DypQi0: Unable to download API page: HTTPSConnection(host='www.youtube.com', port=443): Failed to resolve 'www.youtube.com' ([Errno 11001] getaddrinfo failed) (caused by Transpor"
Yj7YyxKyXPU,missing,,,"ERROR: [youtube] Yj7YyxKyXPU: Unable to download API page: HTTPSConnection(host='www.youtube.com', port=443): Failed to resolve 'www.youtube.com' ([Errno 11001] getaddrinfo failed) (caused by Transpor"
YjTz5y8DnWo,missing,,,"ERROR: [youtube] YjTz5y8DnWo: Unable to download API page: HTTPSConnection(host='www.youtube.com', port=443): Failed to resolve 'www.youtube.com' ([Errno 11001] getaddrinfo failed) (caused by Transpor"
Yk2ZrS0ZS6g,missing,,,"ERROR: [youtube] Yk2ZrS0ZS6g: Unable to download API page: HTTPSConnection(host='www.youtube.com', port=443): Failed to resolve 'www.youtube.com' ([Errno 11001] getaddrinfo failed) (caused by Transpor"
YlV45uBUVBc,missing,,,"ERROR: [youtube] YlV45uBUVBc: Unable to download API page: HTTPSConnection(host='www.youtube.com', port=443): Failed to resolve 'www.youtube.com' ([Errno 11001] getaddrinfo failed) (caused by Transpor"
YlgCFc3OvmI,missing,,,"ERROR: [youtube] YlgCFc3OvmI: Unable to download API page: HTTPSConnection(host='www.youtube.com', port=443): Failed to resolve 'www.youtube.com' ([Errno 11001] getaddrinfo failed) (caused by Transpor"
YnE5ONaXtLY,missing,,,"ERROR: [youtube] YnE5ONaXtLY: Unable to download API page: HTTPSConnection(host='www.youtube.com', port=443): Failed to resolve 'www.youtube.com' ([Errno 11001] getaddrinfo failed) (caused by Transpor"
YpOHemscGCk,missing,,,"ERROR: [youtube] YpOHemscGCk: Unable to download API page: HTTPSConnection(host='www.youtube.com', port=443): Failed to resolve 'www.youtube.com' ([Errno 11001] getaddrinfo failed) (caused by Transpor"
Ypuv3htJlpg,missing,,,"ERROR: [youtube] Ypuv3htJlpg: Unable to download API page: HTTPSConnection(host='www.youtube.com', port=443): Failed to resolve 'www.youtube.com' ([Errno 11001] getaddrinfo failed) (caused by Transpor"
YqAsph_ouRM,missing,,,"ERROR: [youtube] YqAsph_ouRM: Unable to download API page: HTTPSConnection(host='www.youtube.com', port=443): Failed to resolve 'www.youtube.com' ([Errno 11001] getaddrinfo failed) (caused by Transpor"
YqZNMFyPJOQ,missing,,,"ERROR: [youtube] YqZNMFyPJOQ: Unable to download API page: HTTPSConnection(host='www.youtube.com', port=443): Failed to resolve 'www.youtube.com' ([Errno 11001] getaddrinfo failed) (caused by Transpor"
YrGQKTbiG1g,missing,,,"ERROR: [youtube] YrGQKTbiG1g: Unable to download API page: HTTPSConnection(host='www.youtube.com', port=443): Failed to resolve 'www.youtube.com' ([Errno 11001] getaddrinfo failed) (caused by Transpor"
Ysrlv2UlG8A,missing,,,"ERROR: [youtube] Ysrlv2UlG8A: Unable to download API page: HTTPSConnection(host='www.youtube.com', port=443): Failed to resolve 'www.youtube.com' ([Errno 11001] getaddrinfo failed) (caused by Transpor"
Yt1czlnCUCg,missing,,,"ERROR: [youtube] Yt1czlnCUCg: Unable to download API page: HTTPSConnection(host='www.youtube.com', port=443): Failed to resolve 'www.youtube.com' ([Errno 11001] getaddrinfo failed) (caused by Transpor"
YtYjdkTK5oY,missing,,,"ERROR: [youtube] YtYjdkTK5oY: Unable to download API page: HTTPSConnection(host='www.youtube.com', port=443): Failed to resolve 'www.youtube.com' ([Errno 11001] getaddrinfo failed) (caused by Transpor"
YuiQRYaF9SA,missing,,,"ERROR: [youtube] YuiQRYaF9SA: Unable to download API page: HTTPSConnection(host='www.youtube.com', port=443): Failed to resolve 'www.youtube.com' ([Errno 11001] getaddrinfo failed) (caused by Transpor"
YvFY7xU2kGk,missing,,,"ERROR: [youtube] YvFY7xU2kGk: Unable to download API page: HTTPSConnection(host='www.youtube.com', port=443): Failed to resolve 'www.youtube.com' ([Errno 11001] getaddrinfo failed) (caused by Transpor"
YvT7qFbUOO0,missing,,,"ERROR: [youtube] YvT7qFbUOO0: Unable to download API page: HTTPSConnection(host='www.youtube.com', port=443): Failed to resolve 'www.youtube.com' ([Errno 11001] getaddrinfo failed) (caused by Transpor"
Yw28B_xflHk,missing,,,"ERROR: [youtube] Yw28B_xflHk: Unable to download API page: HTTPSConnection(host='www.youtube.com', port=443): Failed to resolve 'www.youtube.com' ([Errno 11001] getaddrinfo failed) (caused by Transpor"
YwUa3OS92ZQ,missing,,,"ERROR: [youtube] YwUa3OS92ZQ: Unable to download API page: HTTPSConnection(host='www.youtube.com', port=443): Failed to resolve 'www.youtube.com' ([Errno 11001] getaddrinfo failed) (caused by Transpor"
YxQzJweGS2c,missing,,,"ERROR: [youtube] YxQzJweGS2c: Unable to download API page: HTTPSConnection(host='www.youtube.com', port=443): Failed to resolve 'www.youtube.com' ([Errno 11001] getaddrinfo failed) (caused by Transpor"
YxkYVsE0UdQ,missing,,,"ERROR: [youtube] YxkYVsE0UdQ: Unable to download API page: HTTPSConnection(host='www.youtube.com', port=443): Failed to resolve 'www.youtube.com' ([Errno 11001] getaddrinfo failed) (caused by Transpor"
YyHmz1vcob8,missing,,,"ERROR: [youtube] YyHmz1vcob8: Unable to download API page: HTTPSConnection(host='www.youtube.com', port=443): Failed to resolve 'www.youtube.com' ([Errno 11001] getaddrinfo failed) (caused by Transpor"
YyYEzAY2e2I,missing,,,"ERROR: [youtube] YyYEzAY2e2I: Unable to download API page: HTTPSConnection(host='www.youtube.com', port=443): Failed to resolve 'www.youtube.com' ([Errno 11001] getaddrinfo failed) (caused by Transpor"
YyZ5bXcMDv4,missing,,,"ERROR: [youtube] YyZ5bXcMDv4: Unable to download API page: HTTPSConnection(host='www.youtube.com', port=443): Failed to resolve 'www.youtube.com' ([Errno 11001] getaddrinfo failed) (caused by Transpor"
Yz1DrC54UGk,missing,,,"ERROR: [youtube] Yz1DrC54UGk: Unable to download API page: HTTPSConnection(host='www.youtube.com', port=443): Failed to resolve 'www.youtube.com' ([Errno 11001] getaddrinfo failed) (caused by Transpor"
YzpzKyzyL0Y,missing,,,"ERROR: [youtube] YzpzKyzyL0Y: Unable to download API page: HTTPSConnection(host='www.youtube.com', port=443): Failed to resolve 'www.youtube.com' ([Errno 11001] getaddrinfo failed) (caused by Transpor"
Z-G7nL9tiws,missing,,,"ERROR: [youtube] Z-G7nL9tiws: Unable to download API page: HTTPSConnection(host='www.youtube.com', port=443): Failed to resolve 'www.youtube.com' ([Errno 11001] getaddrinfo failed) (caused by Transpor"
Z-Vb1Ay-zNA,missing,,,"ERROR: [youtube] Z-Vb1Ay-zNA: Unable to download API page: HTTPSConnection(host='www.youtube.com', port=443): Failed to resolve 'www.youtube.com' ([Errno 11001] getaddrinfo failed) (caused by Transpor"
Z0OTDXtjK9M,missing,,,"ERROR: [youtube] Z0OTDXtjK9M: Unable to download API page: HTTPSConnection(host='www.youtube.com', port=443): Failed to resolve 'www.youtube.com' ([Errno 11001] getaddrinfo failed) (caused by Transpor"
Z0O2r0Dl2T4,missing,,,"ERROR: [youtube] Z0O2r0Dl2T4: Unable to download API page: HTTPSConnection(host='www.youtube.com', port=443): Failed to resolve 'www.youtube.com' ([Errno 11001] getaddrinfo failed) (caused by Transpor"
Z0htOHTOtHY,missing,,,"ERROR: [youtube] Z0htOHTOtHY: Unable to download API page: HTTPSConnection(host='www.youtube.com', port=443): Failed to resolve 'www.youtube.com' ([Errno 11001] getaddrinfo failed) (caused by Transpor"
Z19W44ZI15Q,missing,,,"ERROR: [youtube] Z19W44ZI15Q: Unable to download API page: HTTPSConnection(host='www.youtube.com', port=443): Failed to resolve 'www.youtube.com' ([Errno 11001] getaddrinfo failed) (caused by Transpor"
Z2c1npe5AYY,missing,,,"ERROR: [youtube] Z2c1npe5AYY: Unable to download API page: HTTPSConnection(host='www.youtube.com', port=443): Failed to resolve 'www.youtube.com' ([Errno 11001] getaddrinfo failed) (caused by Transpor"
Z31gI08SMzI,missing,,,"ERROR: [youtube] Z31gI08SMzI: Unable to download API page: HTTPSConnection(host='www.youtube.com', port=443): Failed to resolve 'www.youtube.com' ([Errno 11001] getaddrinfo failed) (caused by Transpor"
Z5x5BLzQKZI,missing,,,"ERROR: [youtube] Z5x5BLzQKZI: Unable to download API page: HTTPSConnection(host='www.youtube.com', port=443): Failed to resolve 'www.youtube.com' ([Errno 11001] getaddrinfo failed) (caused by Transpor"
Z6q5doznOcI,missing,,,"ERROR: [youtube] Z6q5doznOcI: Unable to download API page: HTTPSConnection(host='www.youtube.com', port=443): Failed to resolve 'www.youtube.com' ([Errno 11001] getaddrinfo failed) (caused by Transpor"
Z7V7Curou7s,missing,,,"ERROR: [youtube] Z7V7Curou7s: Unable to download API page: HTTPSConnection(host='www.youtube.com', port=443): Failed to resolve 'www.youtube.com' ([Errno 11001] getaddrinfo failed) (caused by Transpor"
Z8L3jychP14,missing,,,"ERROR: [youtube] Z8L3jychP14: Unable to download API page: HTTPSConnection(host='www.youtube.com', port=443): Failed to resolve 'www.youtube.com' ([Errno 11001] getaddrinfo failed) (caused by Transpor"
Z9hnLYpypCU,missing,,,"ERROR: [youtube] Z9hnLYpypCU: Unable to download API page: HTTPSConnection(host='www.youtube.com', port=443): Failed to resolve 'www.youtube.com' ([Errno 11001] getaddrinfo failed) (caused by Transpor"
ZAT2_-x59pY,missing,,,"ERROR: [youtube] ZAT2_-x59pY: Unable to download API page: HTTPSConnection(host='www.youtube.com', port=443): Failed to resolve 'www.youtube.com' ([Errno 11001] getaddrinfo failed) (caused by Transpor"
ZCR7qJ2IgGI,missing,,,"ERROR: [youtube] ZCR7qJ2IgGI: Unable to download API page: HTTPSConnection(host='www.youtube.com', port=443): Failed to resolve 'www.youtube.com' ([Errno 11001] getaddrinfo failed) (caused by Transpor"
ZCKzgf3QD4M,missing,,,"ERROR: [youtube] ZCKzgf3QD4M: Unable to download API page: HTTPSConnection(host='www.youtube.com', port=443): Failed to resolve 'www.youtube.com' ([Errno 11001] getaddrinfo failed) (caused by Transpor"
ZE0f_S44O7M,missing,,,"ERROR: [youtube] ZE0f_S44O7M: Unable to download API page: HTTPSConnection(host='www.youtube.com', port=443): Failed to resolve 'www.youtube.com' ([Errno 11001] getaddrinfo failed) (caused by Transpor"
ZEN8_GtW_UQ,missing,,,"ERROR: [youtube] ZEN8_GtW_UQ: Unable to download API page: HTTPSConnection(host='www.youtube.com', port=443): Failed to resolve 'www.youtube.com' ([Errno 11001] getaddrinfo failed) (caused by Transpor"
ZF8uHVu4Res,missing,,,"ERROR: [youtube] ZF8uHVu4Res: Unable to download API page: HTTPSConnection(host='www.youtube.com', port=443): Failed to resolve 'www.youtube.com' ([Errno 11001] getaddrinfo failed) (caused by Transpor"
ZEuY5HnECuo,missing,,,"ERROR: [youtube] ZEuY5HnECuo: Unable to download API page: HTTPSConnection(host='www.youtube.com', port=443): Failed to resolve 'www.youtube.com' ([Errno 11001] getaddrinfo failed) (caused by Transpor"
ZFG9jHrLtBE,missing,,,"ERROR: [youtube] ZFG9jHrLtBE: Unable to download API page: HTTPSConnection(host='www.youtube.com', port=443): Failed to resolve 'www.youtube.com' ([Errno 11001] getaddrinfo failed) (caused by Transpor"
ZFg6KpT5ehU,missing,,,"ERROR: [youtube] ZFg6KpT5ehU: Unable to download API page: HTTPSConnection(host='www.youtube.com', port=443): Failed to resolve 'www.youtube.com' ([Errno 11001] getaddrinfo failed) (caused by Transpor"
ZGfGiVauGL4,missing,,,"ERROR: [youtube] ZGfGiVauGL4: Unable to download API page: HTTPSConnection(host='www.youtube.com', port=443): Failed to resolve 'www.youtube.com' ([Errno 11001] getaddrinfo failed) (caused by Transpor"
ZFimyfPWltk,missing,,,"ERROR: [youtube] ZFimyfPWltk: Unable to download API page: HTTPSConnection(host='www.youtube.com', port=443): Failed to resolve 'www.youtube.com' ([Errno 11001] getaddrinfo failed) (caused by Transpor"
ZH8VGGvZBok,missing,,,"ERROR: [youtube] ZH8VGGvZBok: Unable to download API page: HTTPSConnection(host='www.youtube.com', port=443): Failed to resolve 'www.youtube.com' ([Errno 11001] getaddrinfo failed) (caused by Transpor"
ZHsAU90h8oc,missing,,,"ERROR: [youtube] ZHsAU90h8oc: Unable to download API page: HTTPSConnection(host='www.youtube.com', port=443): Failed to resolve 'www.youtube.com' ([Errno 11001] getaddrinfo failed) (caused by Transpor"
ZJHlHb-VyDc,missing,,,"ERROR: [youtube] ZJHlHb-VyDc: Unable to download API page: HTTPSConnection(host='www.youtube.com', port=443): Failed to resolve 'www.youtube.com' ([Errno 11001] getaddrinfo failed) (caused by Transpor"
ZHzhdhKEjMc,missing,,,"ERROR: [youtube] ZHzhdhKEjMc: Unable to download API page: HTTPSConnection(host='www.youtube.com', port=443): Failed to resolve 'www.youtube.com' ([Errno 11001] getaddrinfo failed) (caused by Transpor"
ZJZxWLYzNh8,missing,,,"ERROR: [youtube] ZJZxWLYzNh8: Unable to download API page: HTTPSConnection(host='www.youtube.com', port=443): Failed to resolve 'www.youtube.com' ([Errno 11001] getaddrinfo failed) (caused by Transpor"
ZK3bYlekfm0,missing,,,"ERROR: [youtube] ZK3bYlekfm0: Unable to download API page: HTTPSConnection(host='www.youtube.com', port=443): Failed to resolve 'www.youtube.com' ([Errno 11001] getaddrinfo failed) (caused by Transpor"
ZK5M3DZejzk,missing,,,"ERROR: [youtube] ZK5M3DZejzk: Unable to download API page: HTTPSConnection(host='www.youtube.com', port=443): Failed to resolve 'www.youtube.com' ([Errno 11001] getaddrinfo failed) (caused by Transpor"
ZKkfCOqLrT0,missing,,,"ERROR: [youtube] ZKkfCOqLrT0: Unable to download API page: HTTPSConnection(host='www.youtube.com', port=443): Failed to resolve 'www.youtube.com' ([Errno 11001] getaddrinfo failed) (caused by Transpor"
ZLDQ8-8AyI4,missing,,,"ERROR: [youtube] ZLDQ8-8AyI4: Unable to download API page: HTTPSConnection(host='www.youtube.com', port=443): Failed to resolve 'www.youtube.com' ([Errno 11001] getaddrinfo failed) (caused by Transpor"
ZLXW4ewrVpQ,missing,,,"ERROR: [youtube] ZLXW4ewrVpQ: Unable to download API page: HTTPSConnection(host='www.youtube.com', port=443): Failed to resolve 'www.youtube.com' ([Errno 11001] getaddrinfo failed) (caused by Transpor"
ZLxhZcS3Ppw,missing,,,"ERROR: [youtube] ZLxhZcS3Ppw: Unable to download API page: HTTPSConnection(host='www.youtube.com', port=443): Failed to resolve 'www.youtube.com' ([Errno 11001] getaddrinfo failed) (caused by Transpor"
ZM0imDMXuw8,missing,,,"ERROR: [youtube] ZM0imDMXuw8: Unable to download API page: HTTPSConnection(host='www.youtube.com', port=443): Failed to resolve 'www.youtube.com' ([Errno 11001] getaddrinfo failed) (caused by Transpor"
ZMd8mAKe-k8,missing,,,"ERROR: [youtube] ZMd8mAKe-k8: Unable to download API page: HTTPSConnection(host='www.youtube.com', port=443): Failed to resolve 'www.youtube.com' ([Errno 11001] getaddrinfo failed) (caused by Transpor"
ZNGJN30LCwM,missing,,,"ERROR: [youtube] ZNGJN30LCwM: Unable to download API page: HTTPSConnection(host='www.youtube.com', port=443): Failed to resolve 'www.youtube.com' ([Errno 11001] getaddrinfo failed) (caused by Transpor"
ZOGMpGQQ3FI,missing,,,"ERROR: [youtube] ZOGMpGQQ3FI: Unable to download API page: HTTPSConnection(host='www.youtube.com', port=443): Failed to resolve 'www.youtube.com' ([Errno 11001] getaddrinfo failed) (caused by Transpor"
ZNGvyFsCx4g,missing,,,"ERROR: [youtube] ZNGvyFsCx4g: Unable to download API page: HTTPSConnection(host='www.youtube.com', port=443): Failed to resolve 'www.youtube.com' ([Errno 11001] getaddrinfo failed) (caused by Transpor"
ZOKQFjrfbpw,missing,,,"ERROR: [youtube] ZOKQFjrfbpw: Unable to download API page: HTTPSConnection(host='www.youtube.com', port=443): Failed to resolve 'www.youtube.com' ([Errno 11001] getaddrinfo failed) (caused by Transpor"
ZOzavOPeuJQ,missing,,,"ERROR: [youtube] ZOzavOPeuJQ: Unable to download API page: HTTPSConnection(host='www.youtube.com', port=443): Failed to resolve 'www.youtube.com' ([Errno 11001] getaddrinfo failed) (caused by Transpor"
ZPK1hSPI540,missing,,,"ERROR: [youtube] ZPK1hSPI540: Unable to download API page: HTTPSConnection(host='www.youtube.com', port=443): Failed to resolve 'www.youtube.com' ([Errno 11001] getaddrinfo failed) (caused by Transpor"
ZQwpXl8qnnk,missing,,,"ERROR: [youtube] ZQwpXl8qnnk: Unable to download API page: HTTPSConnection(host='www.youtube.com', port=443): Failed to resolve 'www.youtube.com' ([Errno 11001] getaddrinfo failed) (caused by Transpor"
ZSHm7FdyxpQ,missing,,,"ERROR: [youtube] ZSHm7FdyxpQ: Unable to download API page: HTTPSConnection(host='www.youtube.com', port=443): Failed to resolve 'www.youtube.com' ([Errno 11001] getaddrinfo failed) (caused by Transpor"
ZSGRzalgx4s,missing,,,"ERROR: [youtube] ZSGRzalgx4s: Unable to download API page: HTTPSConnection(host='www.youtube.com', port=443): Failed to resolve 'www.youtube.com' ([Errno 11001] getaddrinfo failed) (caused by Transpor"
ZTVMsW1h3bI,missing,,,"ERROR: [youtube] ZTVMsW1h3bI: Unable to download API page: HTTPSConnection(host='www.youtube.com', port=443): Failed to resolve 'www.youtube.com' ([Errno 11001] getaddrinfo failed) (caused by Transpor"
ZSItez9gTyY,missing,,,"ERROR: [youtube] ZSItez9gTyY: Unable to download API page: HTTPSConnection(host='www.youtube.com', port=443): Failed to resolve 'www.youtube.com' ([Errno 11001] getaddrinfo failed) (caused by Transpor"
ZU6sI1Plq50,missing,,,"ERROR: [youtube] ZU6sI1Plq50: Unable to download API page: HTTPSConnection(host='www.youtube.com', port=443): Failed to resolve 'www.youtube.com' ([Errno 11001] getaddrinfo failed) (caused by Transpor"
ZTf9i8y5muo,missing,,,"ERROR: [youtube] ZTf9i8y5muo: Unable to download API page: HTTPSConnection(host='www.youtube.com', port=443): Failed to resolve 'www.youtube.com' ([Errno 11001] getaddrinfo failed) (caused by Transpor"
ZUcHBeueBww,missing,,,"ERROR: [youtube] ZUcHBeueBww: Unable to download API page: HTTPSConnection(host='www.youtube.com', port=443): Failed to resolve 'www.youtube.com' ([Errno 11001] getaddrinfo failed) (caused by Transpor"
ZUg7rRpFGvA,missing,,,"ERROR: [youtube] ZUg7rRpFGvA: Unable to download API page: HTTPSConnection(host='www.youtube.com', port=443): Failed to resolve 'www.youtube.com' ([Errno 11001] getaddrinfo failed) (caused by Transpor"
ZUkh168Nyus,missing,,,"ERROR: [youtube] ZUkh168Nyus: Unable to download API page: HTTPSConnection(host='www.youtube.com', port=443): Failed to resolve 'www.youtube.com' ([Errno 11001] getaddrinfo failed) (caused by Transpor"
ZVMIk3xYaYo,missing,,,"ERROR: [youtube] ZVMIk3xYaYo: Unable to download API page: HTTPSConnection(host='www.youtube.com', port=443): Failed to resolve 'www.youtube.com' ([Errno 11001] getaddrinfo failed) (caused by Transpor"
ZX7EzqMBjfo,ok,B:\CSE425_Project\gnn-bert-music-context\data\raw\musiccaps\audio\ZX7EzqMBjfo_160_170.wav,10.0,
ZVvX2-ldhvY,ok,B:\CSE425_Project\gnn-bert-music-context\data\raw\musiccaps\audio\ZVvX2-ldhvY_30_40.wav,10.0,
ZV_ZbmjPpkw,ok,B:\CSE425_Project\gnn-bert-music-context\data\raw\musiccaps\audio\ZV_ZbmjPpkw_30_40.wav,10.0,
ZX2fVPmUidA,ok,B:\CSE425_Project\gnn-bert-music-context\data\raw\musiccaps\audio\ZX2fVPmUidA_30_40.wav,10.0,
ZYUAY6EN05Q,ok,B:\CSE425_Project\gnn-bert-music-context\data\raw\musiccaps\audio\ZYUAY6EN05Q_30_40.wav,10.0,
ZZrvO__SNtA,ok,B:\CSE425_Project\gnn-bert-music-context\data\raw\musiccaps\audio\ZZrvO__SNtA_130_140.wav,10.0,
Z_0Ta-m_-hU,ok,B:\CSE425_Project\gnn-bert-music-context\data\raw\musiccaps\audio\Z_0Ta-m_-hU_110_120.wav,10.0,
Z_HT-d8W1_M,ok,B:\CSE425_Project\gnn-bert-music-context\data\raw\musiccaps\audio\Z_HT-d8W1_M_30_40.wav,10.0,
ZaUaqnLdg6k,ok,B:\CSE425_Project\gnn-bert-music-context\data\raw\musiccaps\audio\ZaUaqnLdg6k_30_40.wav,10.0,
ZahBai58_Ec,ok,B:\CSE425_Project\gnn-bert-music-context\data\raw\musiccaps\audio\ZahBai58_Ec_330_340.wav,10.0,
ZbdmiykoJm8,ok,B:\CSE425_Project\gnn-bert-music-context\data\raw\musiccaps\audio\ZbdmiykoJm8_70_80.wav,10.0,
Zbmm_hXcrA0,ok,B:\CSE425_Project\gnn-bert-music-context\data\raw\musiccaps\audio\Zbmm_hXcrA0_160_170.wav,10.0,
Zc4rX7nbRW4,ok,B:\CSE425_Project\gnn-bert-music-context\data\raw\musiccaps\audio\Zc4rX7nbRW4_190_200.wav,10.0,
ZfR3_QJF8f4,ok,B:\CSE425_Project\gnn-bert-music-context\data\raw\musiccaps\audio\ZfR3_QJF8f4_30_40.wav,10.0,
ZdqPnWEANuI,ok,B:\CSE425_Project\gnn-bert-music-context\data\raw\musiccaps\audio\ZdqPnWEANuI_310_320.wav,10.0,
ZfSlWX1C8yY,ok,B:\CSE425_Project\gnn-bert-music-context\data\raw\musiccaps\audio\ZfSlWX1C8yY_30_40.wav,10.0,
ZgooDijn2as,ok,B:\CSE425_Project\gnn-bert-music-context\data\raw\musiccaps\audio\ZgooDijn2as_30_40.wav,10.0,
ZgcZPBUKxd8,ok,B:\CSE425_Project\gnn-bert-music-context\data\raw\musiccaps\audio\ZgcZPBUKxd8_30_40.wav,10.0,
ZhafwFYgltI,ok,B:\CSE425_Project\gnn-bert-music-context\data\raw\musiccaps\audio\ZhafwFYgltI_60_70.wav,10.0,
ZiHlhUvmgzQ,ok,B:\CSE425_Project\gnn-bert-music-context\data\raw\musiccaps\audio\ZiHlhUvmgzQ_30_40.wav,10.0,
ZkGQhIbEDrs,ok,B:\CSE425_Project\gnn-bert-music-context\data\raw\musiccaps\audio\ZkGQhIbEDrs_30_40.wav,10.0,
ZkfKOLp5SxU,ok,B:\CSE425_Project\gnn-bert-music-context\data\raw\musiccaps\audio\ZkfKOLp5SxU_130_140.wav,10.0,
ZkmtfBzpQlI,ok,B:\CSE425_Project\gnn-bert-music-context\data\raw\musiccaps\audio\ZkmtfBzpQlI_20_30.wav,10.0,
ZleHXDirD58,ok,B:\CSE425_Project\gnn-bert-music-context\data\raw\musiccaps\audio\ZleHXDirD58_80_90.wav,10.0,
Zlbo8ygfPSM,ok,B:\CSE425_Project\gnn-bert-music-context\data\raw\musiccaps\audio\Zlbo8ygfPSM_30_40.wav,10.0,
ZmgkpmzvL6c,ok,B:\CSE425_Project\gnn-bert-music-context\data\raw\musiccaps\audio\ZmgkpmzvL6c_30_40.wav,10.0,
Zhurw43-Y1g,ok,B:\CSE425_Project\gnn-bert-music-context\data\raw\musiccaps\audio\Zhurw43-Y1g_30_40.wav,10.0,
Zmtw8tP-KFo,ok,B:\CSE425_Project\gnn-bert-music-context\data\raw\musiccaps\audio\Zmtw8tP-KFo_330_340.wav,10.0,
ZnBvXFDWpWo,ok,B:\CSE425_Project\gnn-bert-music-context\data\raw\musiccaps\audio\ZnBvXFDWpWo_50_60.wav,10.0,
ZoAfkpmztww,missing,,,ERROR: [youtube] ZoAfkpmztww: This video is not available
ZocCGcJcGJE,missing,,,ERROR: [youtube] ZocCGcJcGJE: This video is unavailable
Zo9xROGuV3k,ok,B:\CSE425_Project\gnn-bert-music-context\data\raw\musiccaps\audio\Zo9xROGuV3k_30_40.wav,10.0,
Zs3arUuPciY,missing,,,ERROR: [youtube] Zs3arUuPciY: We're processing this video. Check back later.
Zon9WGTwAME,ok,B:\CSE425_Project\gnn-bert-music-context\data\raw\musiccaps\audio\Zon9WGTwAME_210_220.wav,10.0,
Zq92ED3IvLQ,ok,B:\CSE425_Project\gnn-bert-music-context\data\raw\musiccaps\audio\Zq92ED3IvLQ_120_130.wav,10.0,
ZqnbgQeeRbM,ok,B:\CSE425_Project\gnn-bert-music-context\data\raw\musiccaps\audio\ZqnbgQeeRbM_30_40.wav,10.0,
ZsmfIMEzrQs,ok,B:\CSE425_Project\gnn-bert-music-context\data\raw\musiccaps\audio\ZsmfIMEzrQs_30_40.wav,10.0,
ZsmxO0wnqdQ,ok,B:\CSE425_Project\gnn-bert-music-context\data\raw\musiccaps\audio\ZsmxO0wnqdQ_30_40.wav,10.0,
Zt8x7tvP9Qs,ok,B:\CSE425_Project\gnn-bert-music-context\data\raw\musiccaps\audio\Zt8x7tvP9Qs_30_40.wav,10.0,
ZtcHktwEfAU,ok,B:\CSE425_Project\gnn-bert-music-context\data\raw\musiccaps\audio\ZtcHktwEfAU_0_10.wav,10.0,
Ztlcnd14Kn4,ok,B:\CSE425_Project\gnn-bert-music-context\data\raw\musiccaps\audio\Ztlcnd14Kn4_30_40.wav,10.0,
ZwLfj7tvpdc,ok,B:\CSE425_Project\gnn-bert-music-context\data\raw\musiccaps\audio\ZwLfj7tvpdc_110_120.wav,10.0,
ZwfzBagtpV0,ok,B:\CSE425_Project\gnn-bert-music-context\data\raw\musiccaps\audio\ZwfzBagtpV0_30_40.wav,10.0,
Zxyfhub6nV4,ok,B:\CSE425_Project\gnn-bert-music-context\data\raw\musiccaps\audio\Zxyfhub6nV4_80_90.wav,10.0,
Zy4uiiy0qgA,ok,B:\CSE425_Project\gnn-bert-music-context\data\raw\musiccaps\audio\Zy4uiiy0qgA_60_70.wav,10.0,
Zz1Bz1a7yPE,ok,B:\CSE425_Project\gnn-bert-music-context\data\raw\musiccaps\audio\Zz1Bz1a7yPE_30_40.wav,10.0,
Zy_YSROQmlE,ok,B:\CSE425_Project\gnn-bert-music-context\data\raw\musiccaps\audio\Zy_YSROQmlE_170_180.wav,10.0,
ZzyWbehtt0M,ok,B:\CSE425_Project\gnn-bert-music-context\data\raw\musiccaps\audio\ZzyWbehtt0M_30_40.wav,10.0,
_-kssA-FOzU,missing,,,ERROR: [youtube] _-kssA-FOzU: Please sign in. Use --cookies-from-browser or --cookies for the authentication. See  https://github.com/yt-dlp/yt-dlp/wiki/FAQ#how-do-i-pass-cookies-to-yt-dlp  for how to
_1woPC5HWSg,ok,B:\CSE425_Project\gnn-bert-music-context\data\raw\musiccaps\audio\_1woPC5HWSg_30_40.wav,10.0,
_0-2meOf9qY,ok,B:\CSE425_Project\gnn-bert-music-context\data\raw\musiccaps\audio\_0-2meOf9qY_10_20.wav,10.0,
_2P_EJsnBls,ok,B:\CSE425_Project\gnn-bert-music-context\data\raw\musiccaps\audio\_2P_EJsnBls_80_90.wav,10.0,
_2wFjBoreaY,ok,B:\CSE425_Project\gnn-bert-music-context\data\raw\musiccaps\audio\_2wFjBoreaY_90_100.wav,10.0,
_3OlK_1yQOk,missing,,,ERROR: [youtube] _3OlK_1yQOk: Video unavailable
_3GnNMrDuCs,ok,B:\CSE425_Project\gnn-bert-music-context\data\raw\musiccaps\audio\_3GnNMrDuCs_150_160.wav,10.0,
_43OOP6UEw0,ok,B:\CSE425_Project\gnn-bert-music-context\data\raw\musiccaps\audio\_43OOP6UEw0_30_40.wav,10.0,
_5fwnVeZbvI,ok,B:\CSE425_Project\gnn-bert-music-context\data\raw\musiccaps\audio\_5fwnVeZbvI_80_90.wav,10.0,
_5w5TVK5B90,ok,B:\CSE425_Project\gnn-bert-music-context\data\raw\musiccaps\audio\_5w5TVK5B90_370_380.wav,10.0,
_8OIugVSFeE,ok,B:\CSE425_Project\gnn-bert-music-context\data\raw\musiccaps\audio\_8OIugVSFeE_100_110.wav,10.0,
_78P-0zWJtg,ok,B:\CSE425_Project\gnn-bert-music-context\data\raw\musiccaps\audio\_78P-0zWJtg_420_430.wav,10.0,
_94ra2KoZGo,ok,B:\CSE425_Project\gnn-bert-music-context\data\raw\musiccaps\audio\_94ra2KoZGo_520_530.wav,10.0,
_ACyiKGpD8Y,missing,,,ERROR: [youtube] _ACyiKGpD8Y: This video is unavailable
_9OUh0uwDec,ok,B:\CSE425_Project\gnn-bert-music-context\data\raw\musiccaps\audio\_9OUh0uwDec_210_220.wav,10.0,
_ALGXHquYkM,ok,B:\CSE425_Project\gnn-bert-music-context\data\raw\musiccaps\audio\_ALGXHquYkM_30_40.wav,10.0,
_AVegKwklcg,ok,B:\CSE425_Project\gnn-bert-music-context\data\raw\musiccaps\audio\_AVegKwklcg_30_40.wav,10.0,
_DHMdtRRJzE,missing,,,ERROR: [youtube] _DHMdtRRJzE: Private video
_AjXY9cHCxA,ok,B:\CSE425_Project\gnn-bert-music-context\data\raw\musiccaps\audio\_AjXY9cHCxA_150_160.wav,10.0,
_6C2ffY_-mc,ok,B:\CSE425_Project\gnn-bert-music-context\data\raw\musiccaps\audio\_6C2ffY_-mc_30_40.wav,10.0,
_GQnXfIGNKY,missing,,,ERROR: [youtube] _GQnXfIGNKY: Private video
_G3lYKAITu8,ok,B:\CSE425_Project\gnn-bert-music-context\data\raw\musiccaps\audio\_G3lYKAITu8_490_500.wav,10.0,
_GjHL0FkYoY,ok,B:\CSE425_Project\gnn-bert-music-context\data\raw\musiccaps\audio\_GjHL0FkYoY_120_130.wav,10.0,
_GxqvILlmAw,ok,B:\CSE425_Project\gnn-bert-music-context\data\raw\musiccaps\audio\_GxqvILlmAw_30_40.wav,10.0,
_HXMIdSiOMA,ok,B:\CSE425_Project\gnn-bert-music-context\data\raw\musiccaps\audio\_HXMIdSiOMA_30_40.wav,10.0,
_IP6zlayY7k,ok,B:\CSE425_Project\gnn-bert-music-context\data\raw\musiccaps\audio\_IP6zlayY7k_30_40.wav,10.0,
_HfaIP9e0ww,ok,B:\CSE425_Project\gnn-bert-music-context\data\raw\musiccaps\audio\_HfaIP9e0ww_40_50.wav,10.0,
_IkLUOsNHAA,ok,B:\CSE425_Project\gnn-bert-music-context\data\raw\musiccaps\audio\_IkLUOsNHAA_0_10.wav,10.0,
_JTHtcRHxnw,ok,B:\CSE425_Project\gnn-bert-music-context\data\raw\musiccaps\audio\_JTHtcRHxnw_300_310.wav,10.0,
_KGUrOb1qgU,ok,B:\CSE425_Project\gnn-bert-music-context\data\raw\musiccaps\audio\_KGUrOb1qgU_60_70.wav,10.0,
